id,pre_pt_supervoxel_id,pre_pt_root_id,post_pt_supervoxel_id,post_pt_root_id,size
143710322,88187361569423002,864691136023889209,88257730313609858,864691135990004992,13500.0
141952065,87705294641487724,864691136023889209,87705294641487724,864691136023889209,524.0
161611478,88959768488097776,864691135990004992,88959768488091837,864691135990004992,172.0
161496969,89099887836561615,864691136023889209,89099887836561615,864691136023889209,3020.0
223181225,94236531149235076,864691135465113157,94236531149243838,864691135374981320,5588.0
90828377,83400019289365214,864691135477469352,83400019289365214,864691135477469352,3080.0
189759984,91285785537695072,864691136023889209,91285785537695072,864691136023889209,544.0
185273531,91492287162808560,864691135868060950,91492287162808560,864691135868060950,4648.0
125415096,86568468069478704,864691135927381774,86568468069484430,864691135694415551,2732.0
146359894,88043944021442873,864691135694415551,88043944021442873,864691135694415551,216.0
219957522,94026043123702572,864691135942924148,94026043123701403,864691136524297617,3044.0
165505090,89518801967888519,864691135868060950,89518801967888519,864691135868060950,728.0
110680069,85230568643688437,864691136043283030,85230568643679226,864691136023889209,544.0
86943149,83406341682708809,864691136012739747,83406341682708809,864691136012739747,448.0
159259453,89031236743716936,864691136023889209,89031236743716936,864691136023889209,736.0
147151723,87833593837507785,864691136023889209,87833593837507785,864691136023889209,272.0
138435337,87550813190522787,864691136023889209,87550813190522787,864691136023889209,232.0
104668809,84667343745557922,864691136023889209,84667343745557922,864691136023889209,312.0
147152658,87974537484339208,864691136023889209,87974537484339208,864691136023889209,372.0
159231936,89100505976550350,864691135990004992,89100505976550350,864691135990004992,240.0
154381054,88397643235457959,864691135782506832,88397643235457959,864691135782506832,544.0
165604627,89804124899771869,864691135725748139,89804124899784867,864691136085781356,14824.0
220581824,94520274003087284,864691135499707667,94520274003087284,864691135499707667,232.0
202716185,92336643641561640,864691135258563503,92336643641573900,864691135868060950,1732.0
187385186,91279394425024026,864691135499231763,91279394425035085,864691135990004992,416.0
88895853,83752962522026230,864691135477469352,83752962522026230,864691135477469352,236.0
75185135,82627887114685167,864691135477469352,82627887114685167,864691135477469352,572.0
150538371,88887475732601729,864691135694415551,88887475732601729,864691135694415551,256.0
96674963,84105012334497719,864691135477469352,84105012334497719,864691135477469352,344.0
59166144,81284696088422068,864691135477469352,81284696088422068,864691135477469352,956.0
88894706,83471556264903264,864691135477469352,83471556264903264,864691135477469352,224.0
171566721,90015024907044702,864691135360809560,90015024907053249,864691136524297617,16976.0
199122557,92266343482724037,864691135868060950,92266343482724037,864691135868060950,852.0
195552652,92196043457979821,864691135868060950,92196043457974969,864691135868060950,288.0
180717767,91001561513693456,864691136524297617,91001561513693456,864691136524297617,480.0
195960564,91914637268174208,864691136524297617,91914637268174208,864691136524297617,420.0
201778178,92613102566273744,864691136058745048,92613102566280745,864691135374981320,8588.0
187338538,91345914878809165,864691135760106830,91345914878815228,864691136524297617,4348.0
195960914,91914637268205586,864691136524297617,91914637268205586,864691136524297617,324.0
175428317,90437031146208464,864691134966069023,90437031146207504,864691135990004992,496.0
140497643,87553355810935827,864691136085781356,87553355810935827,864691136085781356,236.0
151953810,88749899407509310,864691136012739747,88749899407509310,864691136012739747,544.0
136119973,87551637689855401,864691135725748139,87551637689843587,864691136012739747,3732.0
168469603,89523543209093204,864691135742189163,89523543209093204,864691135742189163,1356.0
159231279,88889537182862825,864691135990004992,88889537182862825,864691135990004992,660.0
132842027,86989237425524923,864691135562004193,86989237425530150,864691135694415551,15976.0
199764944,92758787790061914,864691135374981320,92758787790049920,864691135374981320,292.0
161612326,89100505976412703,864691135990004992,89100505976403755,864691135990004992,204.0
159231935,89100643415490166,864691135990004992,89100643415490166,864691135990004992,160.0
144198863,87900183010380478,864691135990004992,87900183010380478,864691135990004992,204.0
203072521,92337399824649816,864691135592830731,92267031080457959,864691135374981320,2272.0
187999850,91210949557522913,864691135499707667,91210949557522913,864691135499707667,6844.0
188562658,91564923716876592,864691135990004992,91564923716876592,864691135990004992,228.0
168373826,89592950014672320,864691136085781356,89592950014672320,864691136085781356,704.0
133935716,86849599582830967,864691136085781356,86849599582830967,864691136085781356,220.0
153498075,88888506591702859,864691135782506832,88888506591693898,864691135782506832,744.0
180042131,90929268758249801,864691136524297617,90929268758249801,864691136524297617,1156.0
180041671,90788599989513326,864691136524297617,90788599989513326,864691136524297617,524.0
177745156,90854914284673146,864691136524297617,90854914284673146,864691136524297617,1028.0
180598734,91000874385700387,864691136524297617,91000874385700387,864691136524297617,176.0
175315316,90436893707725538,864691136524297617,90436893707725538,864691136524297617,196.0
146994797,88045455849687661,864691135562004193,88045455849692877,864691135694415551,716.0
208704812,93321943700673630,864691135374981320,93321943700673630,864691135374981320,232.0
157515045,89029931408982354,864691135480916422,89029931408998466,864691136023889209,1320.0
158667010,88958806549269508,864691135294441654,88958806549269508,864691135294441654,420.0
153497839,88818344005951050,864691135782506832,88818344005951050,864691135782506832,564.0
153497642,88747837822794096,864691135782506832,88747837822794096,864691135782506832,216.0
153587413,88820680266913263,864691135294441654,88820680266913263,864691135294441654,252.0
167647090,90014749961899128,864691136012739747,90014749961899128,864691136012739747,192.0
151859487,88885551587484483,864691136012739747,88885551587484483,864691136012739747,568.0
158267605,89381362746243345,864691136012739747,89381362746243345,864691136012739747,528.0
136200506,87411724835468400,864691135694415551,87411724835468400,864691135694415551,2076.0
153747237,88535700798088651,864691136239902780,88465332053888824,864691135782506832,11376.0
158277963,89237738905584126,864691135782506832,89237738905584126,864691135782506832,176.0
174685193,90294713109922974,864691135611019015,90294713109910847,864691136524297617,6228.0
146360220,88114656362963936,864691135694415551,88114656362949806,864691135694415551,768.0
206217224,93039781528801894,864691135868060950,93039781528801894,864691135868060950,1684.0
160870862,89240350312447123,864691136012739747,89170050287724307,864691136012739747,224.0
105615323,84953491914807487,864691136023889209,84953491914807487,864691136023889209,492.0
345577385,104083826074193394,864691135990004992,104083826074193394,864691135990004992,820.0
280186879,98673679243751183,864691135990004992,98673679243751183,864691135990004992,192.0
159576661,89242274457855534,864691136177799686,89242274457848119,864691135694415551,1916.0
247438538,96557736896480055,864691135742189163,96557736896480055,864691135742189163,428.0
250932308,96698955622326010,864691135742189163,96698955622323314,864691135742189163,756.0
250932367,96698818183393496,864691135742189163,96698818183383238,864691135742189163,3320.0
112731357,85160199832554964,864691136210847932,85160199832554964,864691136210847932,3104.0
86055337,83751725236003597,864691136725093373,83751725236003597,864691136725093373,704.0
89971520,83822712455760136,864691136725093373,83822712455760136,864691136725093373,220.0
89971625,83822712455710073,864691136725093373,83822712455710073,864691136725093373,2556.0
75184008,82487218345661674,864691136725093373,82487218345661674,864691136725093373,232.0
103280991,84737574782086065,864691135294441654,84737574782100686,864691136725093373,33944.0
178174672,91069456759175881,864691135990004992,91069456759175881,864691135990004992,172.0
148327689,87838610627495034,864691135990004992,87838610627495034,864691135990004992,184.0
252586617,97324647195970358,864691135990004992,97324647195970358,864691135990004992,168.0
181157437,90648962146842260,864691136239980604,90648962146837322,864691136085781356,12332.0
88894714,83471556264911353,864691135477469352,83471556264894963,864691135477469352,740.0
158794864,89384180379052673,864691135455819114,89384180379050531,864691136085781356,5184.0
217763868,93814799317789575,864691135779020221,93814799317792868,864691135742189163,1264.0
159574909,88960593322701258,864691135782506832,88960593322701258,864691135782506832,436.0
102929722,84456512525135658,864691135477469352,84456512525135658,864691135477469352,1640.0
159293904,88959562396839778,864691135294441654,88959562396839778,864691135294441654,248.0
179309504,90999362892932231,864691135499707667,90999362892932231,864691135499707667,512.0
179429933,90858694123929783,864691135499707667,90858694123929783,864691135499707667,1356.0
159152285,88960386962957625,864691135294441654,88960386962957625,864691135294441654,280.0
159295547,89170531256987481,864691135294441654,89170531256987481,864691135294441654,352.0
174989183,90224275981721097,864691135694415551,90224275981721097,864691135694415551,164.0
154153726,88678156206155244,864691136043283030,88678156206168103,864691135782506832,6972.0
124637125,86426699721493060,864691136725093373,86426699721493060,864691136725093373,2916.0
96588813,83822918680795372,864691136725093373,83822918680795372,864691136725093373,1340.0
161469882,89029931006407610,864691135294441654,89029931006407610,864691135294441654,292.0
157732205,89312368257342795,864691136012739747,89312368257342795,864691136012739747,292.0
86310971,83752756095092026,864691136725093373,83752756095092026,864691136725093373,572.0
167889688,89802200687132870,864691135375888840,89872569431331272,864691136085781356,2864.0
179429178,90717956635663527,864691135499707667,90717956635666215,864691135499707667,336.0
178994857,90717887916254089,864691135499707667,90717887916257749,864691135499707667,460.0
152155839,88463888743682899,864691135990004992,88463888743682899,864691135990004992,296.0
152871551,88392764085158703,864691135990004992,88392764085158703,864691135990004992,168.0
152155843,88463888743691224,864691135990004992,88463888743691224,864691135990004992,1184.0
179010919,91068356912000372,864691135990004992,91068356912000372,864691135990004992,1876.0
96917553,84244924651853703,864691135294441654,84244924651853703,864691135294441654,544.0
159231715,89030343390592471,864691135990004992,89030343390593771,864691135990004992,172.0
257818500,96769255647185328,864691135742189163,96769255647185328,864691135742189163,404.0
231375330,94799892681239321,864691135742189163,94799892681239321,864691135742189163,624.0
174686101,90435519317731248,864691136524297617,90435519317731248,864691136524297617,308.0
171154482,90077559496550400,864691136524297617,90077559496550400,864691136524297617,320.0
65636615,82134755881328032,864691136210847932,82134755881328032,864691136210847932,188.0
105897715,84456443469994357,864691136210847932,84456443469994357,864691136210847932,452.0
119723772,85866085827658257,864691136210847932,85866085827658257,864691136210847932,692.0
93567686,84315843420509659,864691136210847932,84315843420509659,864691136210847932,200.0
137728093,87619119612179507,864691136210847932,87619119612179507,864691136210847932,388.0
194485418,92195699726522401,864691135868060950,92195699726522401,864691135868060950,544.0
174902662,90083950743251872,864691135694415551,90083950743251872,864691135694415551,2936.0
195107656,91844818682267209,864691135280682401,91844818682277106,864691135374981320,19772.0
234360323,95648097518178108,864691135742189163,95648097518178108,864691135742189163,464.0
247801251,96277567924991188,864691135742189163,96277567924991188,864691135742189163,268.0
240877101,96136418052619001,864691135742189163,96136418052619001,864691135742189163,248.0
278667279,98598430544812061,864691135742189163,98598430544812061,864691135742189163,192.0
185971783,91415664476397866,864691136210847932,91415664476397866,864691136210847932,580.0
131443607,87060567839453224,864691136210847932,87060567839453224,864691136210847932,376.0
119282252,86076986036360657,864691136210847932,86076986036360657,864691136210847932,1404.0
119604808,85864505615468083,864691136210847932,85864505615468083,864691136210847932,532.0
90301044,83820307274036798,864691136210847932,83820307274036798,864691136210847932,4832.0
105233581,84456306098037501,864691136025504569,84456306098040552,864691136210847932,12824.0
188675383,91350313260293680,864691135499707667,91350313260293680,864691135499707667,2288.0
240329719,95639027084495621,864691135294441654,95639027084495621,864691135294441654,2160.0
251694950,96629411578849609,864691135503443549,96699780323035264,864691135503443549,704.0
272589336,98108941913176122,864691135503443549,98108941913176122,864691135503443549,2436.0
247097485,96553545276488628,864691135503443549,96553545276488628,864691135503443549,488.0
161740622,89311543489130907,864691135102433056,89311543489128308,864691135465343045,2832.0
199120830,92618187002564562,864691136954028511,92618187002573871,864691136954028511,840.0
174663112,90294369512688706,864691135760106830,90294369512682255,864691135504168285,1628.0
202326068,92547681490582826,864691135357351375,92547681490582737,864691135280682401,4820.0
234366889,95083842163445251,864691135339729894,95083842163445251,864691135339729894,648.0
247570358,96629205957501410,864691135339729894,96629205957501410,864691135339729894,352.0
229597366,94658606242723606,864691135583172717,94658606242723606,864691135583172717,268.0
247569318,96418168444499026,864691135339729894,96418168444489875,864691135339729894,576.0
247569405,96418168444464242,864691135339729894,96418168444464248,864691135339729894,252.0
161831241,89104285681373811,864691135357351375,89104285681373811,864691135357351375,244.0
152881536,88678637377167669,864691135990004992,88678637377158645,864691135280682401,2876.0
238474882,95363530299180408,864691135503443549,95363530299180408,864691135503443549,220.0
175579209,90227025029249964,864691136010639022,90227025029249964,864691136010639022,604.0
251695045,96699711603639823,864691135503443549,96699780323093890,864691135503443549,1296.0
250405707,96559111554326829,864691135503443549,96559111554338512,864691135503443549,164.0
178529398,90650611682584256,864691135280682401,90650611682587289,864691135357351375,5208.0
161756723,88960524670273631,864691136052738803,89030893414447892,864691136484732972,3024.0
182492912,91142024459307765,864691136211371452,91142024459307615,864691136010639022,5608.0
175346012,90228124071208982,864691136211371452,90228192790694627,864691135760106830,812.0
166913184,89873875235978101,864691134949081852,89873875235978101,864691134949081852,228.0
161599124,88957638385204948,864691135765013302,88957638385204948,864691135765013302,912.0
159296133,89240968653999598,864691135742189163,89311337398205278,864691135375888840,4428.0
161471443,89240831080387835,864691135294441654,89240831080376261,864691135430275120,5664.0
167558200,89800895218480881,864691135760106830,89800895218480881,864691135760106830,204.0
154222212,88747631597602143,864691134949081852,88747631597602143,864691134949081852,252.0
125274443,86217655274797191,864691136025504569,86217655274797191,864691136025504569,916.0
125372875,86427180758004131,864691136025504569,86427180758004131,864691136025504569,324.0
153526311,88750723504016664,864691136025504569,88750723504016664,864691136025504569,1032.0
148662164,88047861031691308,864691136025504569,88047861031691308,864691136025504569,420.0
96478315,84246780547802895,864691136025504569,84246780547802895,864691136025504569,236.0
173668213,90577287934152950,864691136010639022,90577287934152950,864691136010639022,240.0
158043985,89307557893844448,864691135765013302,89307557893844448,864691135765013302,892.0
203459253,92689312465922628,864691136913993713,92689312465896207,864691135583172717,13628.0
154038278,88536044530006827,864691136012739747,88536044530005878,864691135760106830,3704.0
178081001,91000049953586567,864691135465343045,91000049953586567,864691135465343045,256.0
177996367,90857319600088537,864691135465343045,90857319600088537,864691135465343045,1024.0
143456003,88045250027113453,864691135725842603,88045181307655217,864691135357351375,12584.0
163250937,89794435453467823,864691134949081852,89794435453471867,864691135357351375,3464.0
125249662,86637599929729846,864691135430275120,86637599929729846,864691135430275120,624.0
157731178,89171630769079541,864691135430275120,89171630769079541,864691135430275120,2020.0
175900956,90298218138767205,864691136033332155,90298218138771941,864691135357351375,4236.0
206002272,93392587255818455,864691135357351375,93392587255818455,864691135357351375,3160.0
161413897,89098994483414068,864691135357351375,89098994483414068,864691135357351375,340.0
152653935,88818893896233831,864691134949081852,88818893896233831,864691134949081852,316.0
143914981,88327686740614729,864691135357351375,88327686740614729,864691135357351375,1804.0
196040650,92266687482624186,864691135357351375,92266687482624186,864691135357351375,736.0
174900598,90226337364832803,864691135577816862,90226337364832803,864691135577816862,316.0
168598355,89733962515682872,864691135577816862,89733962515682872,864691135577816862,3304.0
143315980,88255943808629427,864691134966069023,88255943808616036,864691135765013302,6728.0
195396948,91707517033384589,864691135577816862,91707517033384589,864691135577816862,5328.0
143071480,88183376242155101,864691135374981320,88183376242163750,864691135357351375,4264.0
159818316,89094389808293946,864691135577816862,89094389808293946,864691135577816862,348.0
161007519,89169156800270590,864691135577816862,89169156800267384,864691135430275120,9248.0
160323180,89311268812503842,864691135765013302,89311268812503842,864691135765013302,564.0
162748144,89172799469970818,864691135375888840,89172799469970818,864691135375888840,1868.0
150536557,88606069475420893,864691135577816862,88606069475425920,864691135357351375,4840.0
210667022,93182786626102401,864691135577816862,93182786626102401,864691135577816862,392.0
182152993,91141955538875086,864691135102433056,91141955538873084,864691135357351375,19172.0
175901823,90438886907716805,864691135465113157,90438886907705788,864691135357351375,2904.0
218672991,93611733532759202,864691135430275120,93611733532759202,864691135430275120,432.0
175437574,90297255663633237,864691135779020221,90297255663639651,864691135504168285,12936.0
187191756,91216585091605647,864691135577816862,91216585091605647,864691135577816862,808.0
173622570,90296087902111861,864691135360809560,90296087902098719,864691134949081852,3708.0
171379742,90084432048222519,864691135504168285,90014063304057896,864691136484732972,1864.0
188350964,91138519900175500,864691134886499066,91138519900182018,864691136010639022,3028.0
213297623,93884961970632498,864691135779020221,93884961970632498,864691135779020221,272.0
213298183,93955330714671670,864691135779020221,93955330714671670,864691135779020221,172.0
213320010,93743949604677655,864691135779020221,93743949604677655,864691135779020221,272.0
219620755,93953956325165749,864691135779020221,93953956325165749,864691135779020221,2888.0
86161865,83611675345160597,864691135927381774,83611675345160597,864691135927381774,212.0
133492040,86710167362063669,864691135375888840,86710167362063669,864691135375888840,3472.0
196896890,91988991808979651,864691135779020221,91988991808979651,864691135779020221,2136.0
168384630,89595286141660607,864691134949081852,89595286141660607,864691134949081852,344.0
133345209,86849806009430252,864691136125440038,86849806009434044,864691135280682401,3932.0
277445280,98817234298014337,864691135280682401,98817234298014337,864691135280682401,5504.0
173426373,90222145342667937,864691135386963541,90292514086822499,864691135504168285,2236.0
177406511,90857938343748343,864691136211371452,90787569599579489,864691135760106830,1716.0
199445707,92549537050397531,864691134966069023,92549537050395634,864691136484732972,1672.0
164557770,89940052226218174,864691135360809560,89940052226218237,864691136010639022,2168.0
131697079,86848500071106748,864691135430275120,86848500071106748,864691135430275120,324.0
143455602,87974881282975960,864691135725842603,87974881282979247,864691134949081852,2888.0
171429942,90148615636866958,864691135375590217,90218984381005255,864691135280682401,1648.0
167904875,89946649228697811,864691135280682401,89946649228686227,864691136010639022,4276.0
118087355,85653811632508708,864691136975300636,85653811632508708,864691136975300636,2504.0
167581802,89594118178800683,864691135504168285,89594118178800683,864691135504168285,736.0
170962629,90506231659524076,864691135504168285,90506231659524076,864691135504168285,552.0
175355151,90437306024385644,864691135504168285,90437306024385644,864691135504168285,532.0
168656811,89804124832646624,864691135504168285,89804124832646624,864691135504168285,504.0
195328805,91704974144510510,864691136058745048,91704974144499523,864691135504168285,2164.0
152722972,88819580688452232,864691135474504498,88819580688448971,864691135357351375,2612.0
161497222,89099887836643187,864691136484732972,89099887836643187,864691136484732972,248.0
210013459,92829568985263397,864691135271463077,92829568985263084,864691135764015926,2908.0
180366395,91001355489223533,864691135102433056,91001286769768344,864691135357351375,7172.0
243524373,95857004526060097,864691135503443549,95857004526060097,864691135503443549,304.0
131696931,86848500071161831,864691135430275120,86848500071161831,864691135430275120,376.0
147727893,88257249679603848,864691136239980604,88257249679617702,864691136484732972,13968.0
175675914,90226818401054778,864691136085781356,90226818401056366,864691136010639022,3136.0
256693889,97259157400901721,864691136311529306,97259157400901721,864691136311529306,964.0
153200710,88675407494210618,864691135375888840,88675407494210618,864691135375888840,368.0
159200657,89029862488571104,864691135375888840,89029862488571104,864691135375888840,220.0
72133527,82486599870574228,864691135276505573,82486599870572065,864691135927381774,3560.0
181851419,91070212539139098,864691135465343045,91070212539139098,864691135465343045,540.0
179422839,90788943922027732,864691135760106830,90788943922027732,864691135760106830,268.0
168597849,89734099954544195,864691135480916422,89663731210315992,864691135280682401,4088.0
136121200,87762881361444455,864691135725748139,87762881361428972,864691135465343045,4328.0
213013568,93884825001332212,864691136091074615,93884893720799073,864691135465343045,1380.0
154233724,88748868749030785,864691135465343045,88748868749030785,864691135465343045,2876.0
189250973,91282487002790416,864691135465343045,91282487002790416,864691135465343045,800.0
168064939,90014475486609835,864691136010639022,90014475486603634,864691135465343045,8216.0
185984443,91282211990667810,864691135465343045,91282211990667810,864691135465343045,664.0
194427025,91984937628004594,864691135465343045,91984937628004594,864691135465343045,436.0
179791498,90926588832618415,864691135465343045,90926588832618415,864691135465343045,576.0
168712399,89876005539595554,864691135465343045,89876005539595554,864691135465343045,388.0
165604335,89803712582722502,864691134966714655,89803712582713665,864691135357351375,25468.0
206194205,93039506650921623,864691135465343045,93039506650921623,864691135465343045,1772.0
154890507,88398055619141851,864691135375888840,88398055619141851,864691135375888840,2400.0
168654894,89522512416796423,864691135375888840,89522512416796423,864691135375888840,472.0
173751025,90085324797296958,864691135375888840,90085324797296958,864691135375888840,228.0
171618240,90296912267822624,864691135465343045,90296912267820091,864691135465343045,15584.0
159200237,88959287585971391,864691135375888840,88959287585971391,864691135375888840,616.0
151311696,88538655534435020,864691134966714655,88538655534443967,864691135357351375,8668.0
206037965,93392449883843987,864691135988742147,93322081139646902,864691135765013302,7360.0
159200176,88959562463722199,864691135375888840,88959562463722199,864691135375888840,232.0
253824744,96568800866357790,864691135465343045,96568800866357790,864691135465343045,580.0
171512294,90085187760858477,864691136484732972,90085187760863059,864691136484732972,1444.0
178079205,90718437538038444,864691135280682401,90718437538038444,864691135280682401,160.0
313724452,101277529004355966,864691135280682401,101277529004355966,864691135280682401,432.0
205058648,92561081922754256,864691135280682401,92561081922754256,864691135280682401,180.0
164470385,89522718709883482,864691135280682401,89522718709883482,864691135280682401,300.0
278769748,98669143087549983,864691136311529306,98669143087549983,864691136311529306,512.0
181658183,90718162660134290,864691135280682401,90718162660134290,864691135280682401,504.0
214452283,93741819770266618,864691135280682401,93741819770266618,864691135280682401,280.0
174860672,90507468744477255,864691135280682401,90507468744477255,864691135280682401,792.0
168597744,89663731210292979,864691135480916422,89663731210282160,864691135280682401,7644.0
180442828,91066639059334931,864691135782506832,91066639059332714,864691135280682401,7204.0
161663651,89032130365564338,864691136012739747,89032130365586339,864691135465343045,17660.0
195394413,92193363197453862,864691136025504569,92193363197453862,864691136025504569,644.0
244779615,95925036942621039,864691135503443549,95925036942621039,864691135503443549,4712.0
164472181,89804193686676008,864691135562004193,89804193686677054,864691135504168285,380.0
140413165,87271262359297572,864691135562004193,87271262359301017,864691136313406781,6960.0
139940127,87274285948857282,864691135430275120,87274285948857282,864691135430275120,1320.0
291573528,99582562573448341,864691136311529306,99582562573448341,864691136311529306,160.0
278769907,98739580551184738,864691136311529306,98739580551184738,864691136311529306,452.0
138610086,87692512885728466,864691136313406781,87692512885728466,864691136313406781,1248.0
216255673,93463849688517817,864691135764015926,93463849688517817,864691135764015926,356.0
205296627,93107401896695271,864691135386963541,93107401896686647,864691135764015926,3088.0
210086928,93251437853150099,864691135764015926,93251437853146184,864691135764015926,7272.0
174858880,90085668596129056,864691135577816862,90085668596129056,864691135577816862,516.0
138609577,87622075422015385,864691136313406781,87622075422015385,864691136313406781,536.0
157506535,89099887903603517,864691135360809560,89099887903594792,864691135375888840,4612.0
130784000,86989305943608029,864691136975300636,86989305943608029,864691136975300636,352.0
131662670,86848705692622300,864691136975300636,86848705692622300,864691136975300636,2044.0
250681937,96209398338356895,864691135779020221,96209398338356895,864691135779020221,264.0
212814447,93604586371630283,864691135779020221,93604586371630283,864691135779020221,1460.0
220445208,94519861283409986,864691135779020221,94519861283409986,864691135779020221,160.0
217764214,93885168062000021,864691135779020221,93885168062000021,864691135779020221,1988.0
220142661,94025836898013624,864691135779020221,94025836898013624,864691135779020221,648.0
223105010,94519173887317348,864691135779020221,94519173887317348,864691135779020221,392.0
210087032,93321669158424068,864691135764015926,93321669158442034,864691135764015926,256.0
296054041,100291885012436261,864691135764015926,100291885012436261,864691135764015926,176.0
202576781,92545276509927785,864691135764015926,92545276509927785,864691135764015926,700.0
145120563,88254432181215659,864691135499707667,88254363461759047,864691135760106830,2552.0
166002838,90017292850913276,864691136484732972,90017292850913276,864691136484732972,2664.0
173665921,90155144188527929,864691136010639022,90155144188527929,864691136010639022,188.0
175677528,90578730841392140,864691136010639022,90578730841392140,864691136010639022,232.0
161226041,88886857324201478,864691135765013302,88886857324201478,864691135765013302,468.0
163985753,89451731356332629,864691135765013302,89451731356332629,864691135765013302,492.0
165602804,89522237606129507,864691135765013302,89522237606129507,864691135765013302,752.0
160872330,89381362678777158,864691135765013302,89381362678777158,864691135765013302,640.0
220143417,94166574386293221,864691135779020221,94166574386293221,864691135779020221,160.0
217434407,93955399367566723,864691135779020221,93955399367566723,864691135779020221,192.0
220142280,93955536873231568,864691135779020221,93955536873238196,864691135779020221,924.0
217534123,93814730665304475,864691135779020221,93814730665322144,864691135779020221,972.0
217534575,93885099409421263,864691135779020221,93885168128888101,864691135779020221,1868.0
161685323,89241106428167313,864691135465343045,89241106428167313,864691135465343045,408.0
180788193,90788256861462588,864691135357351375,90788256861462588,864691135357351375,288.0
181864054,91071243264175065,864691135357351375,91071243264175065,864691135357351375,488.0
169037313,89734993039102309,864691135357351375,89734993039102309,864691135357351375,596.0
159295117,89100437390863861,864691135280682401,89100368671393700,864691135357351375,13480.0
140433230,87271674474517812,864691136484732972,87271674474517812,864691136484732972,548.0
95346755,83890470195309004,864691135927381774,83890470195309004,864691135927381774,300.0
126446640,86567986965660405,864691136025504569,86567986965660405,864691136025504569,272.0
126304510,86425600209901065,864691136025504569,86425600209901065,864691136025504569,432.0
133534070,87060980424563078,864691136210847932,86990611680380521,864691136025504569,8252.0
81585145,83120331019328795,864691135927381774,83120331019328795,864691135927381774,208.0
89481742,83400912575488286,864691135927381774,83400912575483443,864691135927381774,480.0
89481647,83330681270256835,864691135927381774,83330681270258136,864691135927381774,488.0
89481664,83330543831303625,864691135927381774,83330612550812401,864691135927381774,184.0
99393300,83964068620626185,864691135927381774,83964068620626185,864691135927381774,776.0
83232412,83189943781942170,864691135927381774,83189943781942170,864691135927381774,168.0
195757410,91985349877767677,864691135988742147,91985281158293988,864691135765013302,10032.0
147791460,87834762202812644,864691135765013302,87834762202812644,864691135765013302,1808.0
159203428,89452006234133478,864691135765013302,89452006234133478,864691135765013302,296.0
133096270,87059262974970418,864691135294441654,87059331694453127,864691135474504498,4892.0
136831245,87547445399371441,864691135375888840,87547445399371441,864691135375888840,1848.0
136118330,87270300152121878,864691135474504498,87270300152121878,864691135474504498,280.0
171510724,90507743554798294,864691135504168285,90507743554798294,864691135504168285,700.0
181854578,90648480976358212,864691135504168285,90648480976358212,864691135504168285,204.0
86165325,83259281532699232,864691136025504569,83259281532699232,864691136025504569,1412.0
82061524,82910873785711970,864691136025504569,82910873785711970,864691136025504569,216.0
188696329,91422881229405345,864691135294441654,91422812509920018,864691135357351375,5872.0
230842954,95012236602579966,864691135583172717,95012236602579966,864691135583172717,332.0
229597478,94658537523078901,864691135583172717,94658537523078901,864691135583172717,792.0
159200120,88959287585852854,864691135375888840,88959287585852854,864691135375888840,344.0
187845292,91282006101009447,864691135760106830,91282006101009447,864691135760106830,316.0
139903352,87339157470368702,864691135760106830,87339157470368702,864691135760106830,680.0
174902424,90013650718533850,864691135760106830,90013650718533850,864691135760106830,452.0
166848050,89800963937938557,864691135760106830,89800963937938557,864691135760106830,236.0
160226711,88892148522903168,864691135430275120,88892148522903168,864691135430275120,460.0
87747103,83608720071872423,864691136025504569,83608720071872423,864691136025504569,308.0
131598358,87053352562710117,864691136025504569,87053352562710117,864691136025504569,1516.0
39714993,79460468925810801,864691136025504569,79460468925810801,864691136025504569,1728.0
182488433,90649443250104096,864691135765013302,90649443250104096,864691135765013302,404.0
119009082,85864162084944729,864691136025504569,85864162084944729,864691136025504569,392.0
146919147,87903619118177738,864691136313406781,87903619118177738,864691136313406781,216.0
272237819,98178073706597530,864691135503443549,98178073706597530,864691135503443549,204.0
273065889,98323278296652536,864691135764015926,98323278296652536,864691135764015926,192.0
181854485,90578112232289154,864691135504168285,90578112232289154,864691135504168285,980.0
287095344,100069371011133902,864691135503443549,100069371011133902,864691135503443549,1696.0
171510811,90507743554806322,864691135504168285,90507743554806322,864691135504168285,564.0
173622165,90225375560485653,864691136010639022,90225375560485653,864691136010639022,220.0
171725970,90231079679927337,864691135504168285,90231079679927337,864691135504168285,400.0
136090710,87480100983292679,864691135562004193,87480100983304019,864691136010639022,5524.0
164164001,90012070237871185,864691136010639022,90012070237871185,864691136010639022,632.0
173666101,90155281627564744,864691136010639022,90155281627564744,864691136010639022,1088.0
175159500,90372022923774305,864691136010639022,90372022923774305,864691136010639022,420.0
184151108,90869895667061979,864691136010639022,90869895667061979,864691136010639022,468.0
175178030,90230529454514223,864691136010639022,90230529454514223,864691136010639022,216.0
175675986,90226887120472024,864691135280682401,90226887120472024,864691135280682401,364.0
185955779,91632475298012358,864691135280682401,91632475298012358,864691135280682401,172.0
199131416,92336437483415603,864691135280682401,92336437483415603,864691135280682401,1148.0
174860280,90437306158698793,864691135357351375,90437306158709159,864691135357351375,180.0
205817589,92828812399994259,864691135280682401,92828812399994259,864691135280682401,396.0
131450369,87129563133784834,864691136313406781,87129563133784834,864691136313406781,344.0
155728057,88473509873272491,864691136313406781,88473509873272491,864691136313406781,852.0
205982781,93180862011002726,864691136313406781,93180862011002726,864691136313406781,412.0
242407762,96000972031291081,864691136313406781,96000972031291081,864691136313406781,204.0
203092942,92758855771264959,864691136954028511,92758855771263998,864691136954028511,692.0
198892471,92475181771289975,864691136954028511,92475181771289975,864691136954028511,272.0
191749782,91844886596301994,864691136954028511,91844886596301994,864691136954028511,1640.0
130784458,87059812126645614,864691136975300636,87059812126637793,864691136975300636,1068.0
140245614,87764049256839008,864691136975300636,87764049256839008,864691136975300636,1216.0
147888947,88257386514850031,864691136975300636,88257386514850031,864691136975300636,708.0
126288597,86074512067556416,864691136975300636,86074512067556416,864691136975300636,2040.0
202927079,92336300447106177,864691136905758130,92336300447099403,864691136010639022,3552.0
185281298,91210263034128391,864691134949081852,91210263034132541,864691136010639022,6376.0
199206680,92759268893235044,864691136058745048,92759268893239463,864691136010639022,15320.0
111865491,85015407492393990,864691136025504569,85015407492393990,864691136025504569,276.0
124639103,86638149551342856,864691136025504569,86638149551324530,864691136025504569,424.0
88468425,83682868320187156,864691136025504569,83682868320187156,864691136025504569,220.0
140434899,87482986865557105,864691135725842603,87482986865552472,864691135562004193,9184.0
139436825,87414061968569178,864691135124603687,87414061968569178,864691135124603687,2460.0
178321053,90649993006313577,864691135124603687,90649993006313577,864691135124603687,1932.0
241142143,95785949594207755,864691135339729894,95856318404903374,864691135646481135,3716.0
116909237,85862031915412442,864691136120159768,85862031915412442,864691136120159768,308.0
112000619,85230018820965105,864691136120159768,85230018820965105,864691136120159768,228.0
112001354,85300456284796728,864691136120159768,85300456284792417,864691136120159768,972.0
112271443,85019050496947594,864691136313406781,85019050496961803,864691135810982860,2068.0
199174626,92689105368491959,864691135271463077,92689105368491959,864691135271463077,316.0
261947677,97546266435189117,864691135271463077,97546266435189117,864691135271463077,412.0
252698889,96350822887534862,864691135271463077,96350822887534862,864691135271463077,416.0
244781357,96136005736092011,864691135271463077,96136005736092011,864691135271463077,312.0
229584447,94728149480771482,864691135271463077,94728149480771482,864691135271463077,560.0
247803425,96558561865526147,864691135271463077,96558561865526147,864691135271463077,636.0
226720614,94797831365559020,864691135271463077,94797831365559020,864691135271463077,580.0
171380604,90154525914475058,864691135480916422,90154525914475058,864691135480916422,304.0
272401677,98248511304432491,864691135271463077,98248511304432491,864691135271463077,888.0
233323309,95292749171312640,864691135271463077,95292749171312640,864691135271463077,256.0
172013063,90076322881561206,864691136052738803,90076322881561206,864691136052738803,360.0
159559381,89242618189799288,864691135375888840,89242618189792288,864691135124603687,3244.0
226977050,94799411913464446,864691135271463077,94799411913459522,864691135271463077,396.0
226976449,94799411913404108,864691135271463077,94799411913386829,864691135271463077,412.0
178442481,90931948750461496,864691135294441654,90931948750465664,864691136058745048,992.0
151309590,88748044182412296,864691135810982860,88748044182412296,864691135810982860,188.0
174772768,90297599663895033,864691135480916422,90297599663895033,864691135480916422,1088.0
210243364,93182167949213520,864691135271463077,93182167949213520,864691135271463077,332.0
178491890,91001630367020140,864691135499707667,91001630367023037,864691136058745048,2960.0
124812840,86214288087581637,864691135810982860,86143919343373522,864691136120159768,3936.0
278302617,98525862575627200,864691135271463077,98525862575627200,864691135271463077,172.0
236435359,95643700276866914,864691135258563503,95643700276866188,864691135763795510,736.0
220658587,94297759733165153,864691135271463077,94297759733165153,864691135271463077,7524.0
185482456,91141062521184633,864691135480916422,91141062521184633,864691135480916422,596.0
160480508,89321096033158471,864691135124603687,89321096033158471,864691135124603687,3172.0
222902853,94093869716950692,864691136913993713,94093869716964189,864691135942924148,11712.0
157321443,89169431879621599,864691135577816862,89169431879619548,864691135480916422,15760.0
173934354,90296293926167090,864691135480916422,90296293926133895,864691135480916422,1000.0
173933587,90155556437832489,864691135480916422,90155556437832489,864691135480916422,232.0
183534978,90795540992086078,864691135480916422,90795540992086078,864691135480916422,708.0
182571006,91001905178143597,864691136058745048,91001905178143597,864691136058745048,560.0
223392076,94447706369613192,864691135942924148,94447706369613192,864691135942924148,392.0
158666736,88959081360476318,864691134966714655,88959012707542407,864691136275894285,13788.0
357421956,105216254331637873,864691135124603687,105216254331637873,864691135124603687,220.0
159471717,89171493665202532,864691134886499066,89171493665193456,864691136052738803,12872.0
152562911,88537281413228431,864691135124603687,88537281413228493,864691135124603687,696.0
153616568,88393107883994218,864691135990004992,88322739139800992,864691136043283030,10476.0
143479728,88184750699260221,864691135810982860,88184750699260221,864691135810982860,1676.0
143479372,88114519393815205,864691135810982860,88114519393815205,864691135810982860,356.0
168411499,89523955928802027,864691135810982860,89523955928802027,864691135810982860,2988.0
111999686,85159787515842639,864691136120159768,85159787515842639,864691136120159768,840.0
111999296,85089143893682552,864691136120159768,85089143893682552,864691136120159768,260.0
114989699,85510325499214154,864691136120159768,85510325499214154,864691136120159768,1580.0
112002052,85370756309382698,864691136120159768,85370756309382698,864691136120159768,536.0
131267606,86637256399871311,864691136120159768,86637256399871311,864691136120159768,2492.0
158667757,89099406598662583,864691134966714655,89099406598668606,864691136275894285,1868.0
247987227,96219294614443877,864691135942924148,96219294614443877,864691135942924148,616.0
175266889,90439436261179233,864691135258563503,90439436261176642,864691135480916422,1016.0
240772095,95925243302086061,864691135271463077,95925243302086061,864691135271463077,608.0
172696138,90155556572106673,864691136239980604,90155625291563555,864691135124603687,9468.0
196681630,92057642902005437,864691135751110185,92057642901996459,864691136058745048,3660.0
175394161,90368242883231694,864691136058745048,90368242883231694,864691136058745048,936.0
175357944,90367143639632517,864691136058745048,90367143639632517,864691136058745048,168.0
175576494,90297324449987825,864691135562004193,90297324449987825,864691135562004193,204.0
119838198,86076024500074768,864691135562004193,86076024500074768,864691135562004193,4832.0
188936906,91562725095839154,864691136905758130,91562725095841313,864691135386963541,12968.0
179428677,90647931488702097,864691135499707667,90647931488721689,864691135465113157,300.0
194947118,91774793669724429,864691135499707667,91704424925535387,864691135942924148,3608.0
150880669,88818824908029085,864691135562004193,88818824908029085,864691135562004193,256.0
219685565,94377818460503021,864691135465113157,94377818460503021,864691135465113157,2368.0
157562333,89030068848287869,864691135465113157,89030068848287869,864691135465113157,396.0
182223458,90789906062318664,864691135465113157,90789906062318664,864691135465113157,380.0
189051529,91210606564262840,864691135465113157,91210606564262840,864691135465113157,864.0
161497451,89099681678083748,864691135465113157,89099681678083748,864691135465113157,360.0
188731116,91635086839448912,864691136275894285,91635086839439321,864691136058745048,3468.0
168803744,89805087039479277,864691136010639022,89734718295303836,864691136058745048,8840.0
189111445,91564098948605279,864691135562004193,91564098948605279,864691135562004193,184.0
209834932,93110837401032769,864691135504168285,93110837401041193,864691136058745048,2172.0
131807844,86989031535302333,864691135782506832,86989031535304276,864691136120159768,3936.0
181620113,90857594411187055,864691135782506832,90857594411181562,864691136043283030,4184.0
175572621,90296430895429844,864691135725748139,90296430895429844,864691135725748139,16212.0
196012192,91774518590340776,864691135280682401,91774518590341838,864691135480916422,13676.0
174884234,90366593950990686,864691135760106830,90366593950991813,864691135465113157,3300.0
178263718,90857594679444640,864691134886499066,90857663398960701,864691135124603687,2084.0
154221649,88677537731314323,864691136043283030,88677537731314323,864691136043283030,452.0
196156795,92126911933122648,864691135760106830,92126911933127824,864691135124603687,1188.0
231274616,94799687127122753,864691135942924148,94799687127122753,864691135942924148,196.0
175393015,90157480248125520,864691136313406781,90157480248113413,864691135124603687,2444.0
288492178,99725293195157536,864691136033332155,99725293195154936,864691135988742147,2724.0
244104814,95716199123628555,864691135988742147,95716199123628555,864691135988742147,160.0
158790241,89310237752008660,864691135810982860,89310237752008660,864691135810982860,1172.0
240964195,96065293998414218,864691135258563503,96065293998405291,864691135942924148,3396.0
203192001,92831286704053478,864691136058745048,92831286704053478,864691136058745048,216.0
216762904,93391900060618609,864691136091074615,93462337524291185,864691136058745048,14304.0
196085878,91773762609132782,864691135646481135,91773762609132782,864691135646481135,388.0
132995220,87057820000122883,864691135466236229,87057820000111347,864691135810982860,17024.0
188681535,91704424590101562,864691135466236229,91704424590113489,864691136058745048,4304.0
161746350,89240556672405607,864691136052738803,89240556672405607,864691136052738803,432.0
122307734,86567299972124060,864691135455819114,86567299972128212,864691136120159768,13552.0
233995373,95152424402505811,864691135763795510,95152424402505811,864691135763795510,428.0
161722301,89171974500658057,864691135577816862,89101605756468269,864691135480916422,11100.0
219739028,94166368765044748,864691135386963541,94166368765055603,864691135386963541,752.0
159459123,89030687256088698,864691135725748139,89030687256088698,864691135725748139,284.0
148109156,87976049245297026,864691134966714655,87976049245304673,864691136275894285,19188.0
151340914,88468355979220997,864691136052738803,88468355979220997,864691136052738803,764.0
171888711,90157617820808835,864691135480916422,90157617820808835,864691135480916422,2748.0
146898952,88180352182858079,864691135562004193,88180352182858079,864691135562004193,456.0
165602889,89522443764420459,864691136043283030,89522443764420459,864691136043283030,268.0
165602676,89522443764460538,864691137199050049,89452143739756157,864691136043283030,13988.0
152920865,88396406486037213,864691135124603687,88396406486037213,864691135124603687,192.0
152562259,88396612644251885,864691135124603687,88396612644251885,864691135124603687,196.0
152562265,88396337766482450,864691135124603687,88396337766482450,864691135124603687,548.0
161745286,89029244281411255,864691136052738803,89029244281391507,864691136052738803,236.0
161745980,89170050489144686,864691136052738803,89170050489144653,864691136052738803,776.0
162069295,89101537036939473,864691135577816862,89101537036939460,864691135480916422,6860.0
171550916,90086561613803790,864691135124603687,90086561613803790,864691135124603687,168.0
152562801,88537212693792681,864691135124603687,88537212693798295,864691135124603687,580.0
145447444,87976324324506239,864691135725748139,87976324324506239,864691135725748139,200.0
161362937,89240075568804454,864691135465113157,89240075568792975,864691135465113157,356.0
159525085,89241106092941666,864691135742189163,89241106092946748,864691136043283030,7904.0
140304607,87345548180488511,864691136120159768,87345548180488511,864691136120159768,380.0
194712375,92194875763909338,864691135646481135,92194875763909338,864691135646481135,644.0
139232566,87623450012853335,864691136913993713,87623450012850048,864691135124603687,5608.0
111777182,85088800430741183,864691136120159768,85088800430732221,864691135562004193,4408.0
237382627,95289932611968763,864691135646481135,95289932611968763,864691135646481135,164.0
164818932,89941151872248947,864691135646481135,89941151872248947,864691135646481135,1648.0
215402731,93743881489200814,864691135646481135,93743881489192530,864691135646481135,224.0
236657865,95572438045624070,864691135646481135,95572438045615643,864691135763795510,4964.0
215402653,93743744050235230,864691135646481135,93743744050255289,864691135646481135,208.0
140259833,87198832366496796,864691135646481135,87198832366496796,864691135646481135,1612.0
215402058,93532843976007769,864691135646481135,93532843976007769,864691135646481135,712.0
230133784,94660873918146961,864691136091074615,94590505173978220,864691135988742147,2004.0
250264710,96346769109418569,864691135386963541,96346769109418569,864691135386963541,248.0
219740229,94447500144363051,864691135386963541,94447500144363051,864691135386963541,428.0
219738845,94096000020808697,864691135386963541,94096000020808697,864691135386963541,436.0
219618475,94236737508928403,864691135386963541,94236737508928403,864691135386963541,832.0
231629768,94517731650704850,864691136239902780,94517731650699289,864691135386963541,4372.0
257651735,97119863222858867,864691135577816862,97119931942385765,864691135386963541,1212.0
216490207,93954300258469461,864691136523335057,93954368977972163,864691135386963541,1568.0
154205501,88466500217965396,864691136275894285,88466500217965396,864691136275894285,188.0
154151959,88396406351741313,864691136275894285,88396406351741313,864691136275894285,216.0
188731090,91635086839447456,864691136275894285,91635086839447456,864691136275894285,612.0
146837301,87904443550790140,864691136275894285,87904443550790140,864691136275894285,328.0
132915853,86918044181924087,864691136275894285,86918044181924087,864691136275894285,724.0
165865496,89455648433577173,864691136275894285,89455648433577173,864691136275894285,1600.0
154151666,88396475071137416,864691136275894285,88396475071137416,864691136275894285,1152.0
219616748,94025699995935467,864691135386963541,94025699995935467,864691135386963541,248.0
234207067,95292887147110231,864691136101516661,95292887147102736,864691135386963541,17900.0
247384158,96079588052249744,864691135386963541,96079588052249744,864691135386963541,480.0
160869704,88959218933243851,864691136043283030,88959218933257859,864691136043283030,480.0
258908257,97053067757210511,864691135763795510,97053067757210511,864691135763795510,472.0
286875623,99309196427848741,864691135763795510,99309196427848741,864691135763795510,3112.0
202912199,92407837153915140,864691136091074615,92407837153904589,864691136058745048,8732.0
147635581,88258349057044640,864691135280682401,88258349057039645,864691135480916422,2280.0
174326515,90294575805437166,864691136058745048,90294575805437166,864691136058745048,1880.0
154579595,88396956107852586,864691135280682401,88467324851998189,864691136058745048,4196.0
196212168,91915462304220098,864691136058745048,91915462304220098,864691136058745048,284.0
168802951,89664074673121332,864691136058745048,89664074673121332,864691136058745048,3480.0
159767266,89242068299595959,864691136058745048,89242068299595959,864691136058745048,596.0
161018851,89100368738599623,864691136058745048,89100368738599623,864691136058745048,1780.0
185649618,91143536287816404,864691136058745048,91143536287816404,864691136058745048,868.0
171620836,90578387311102674,864691136058745048,90578387311102674,864691136058745048,168.0
177909456,90648549896872038,864691136058745048,90648549896872038,864691136058745048,4012.0
168469942,89593980606076267,864691135988742147,89593980606065892,864691136058745048,3684.0
175359207,90507674969569914,864691136058745048,90507674969569914,864691136058745048,568.0
175359142,90507606250084356,864691136058745048,90507606250084356,864691136058745048,304.0
175483120,90156724467885465,864691136058745048,90156724467885465,864691136058745048,928.0
181952949,91001149397872525,864691136058745048,91001149397872525,864691136058745048,2508.0
213121091,93746011725652406,864691136058745048,93746080445154961,864691135942924148,1924.0
224400767,94026180764022630,864691135569902316,94026180764030466,864691136058745048,1196.0
203325414,92692404104261959,864691136058745048,92692404104261959,864691136058745048,3968.0
241454040,95858791635246053,864691136058745048,95858791635246053,864691136058745048,196.0
222698097,94096205507767574,864691136058745048,94096205507767574,864691136058745048,2256.0
228008338,94525084634748778,864691135988742147,94525084634748778,864691135988742147,2608.0
261623715,97614505747806953,864691135988742147,97614505747806953,864691135988742147,728.0
261624003,97684874491909534,864691135988742147,97684874491909534,864691135988742147,176.0
252620599,96348143566185355,864691135763795510,96348143566185355,864691135763795510,188.0
258616091,96911024263260242,864691135988742147,96911024263260242,864691135988742147,804.0
288492179,99725224475627439,864691135988742147,99725224475627439,864691135988742147,456.0
261675771,97403468234641451,864691135988742147,97403468234641451,864691135988742147,492.0
261623238,97473836978990727,864691135988742147,97473836978990727,864691135988742147,624.0
257483908,97051761818436604,864691135988742147,97051761818436604,864691135988742147,224.0
200519992,92766072322832442,864691135988742147,92766072322832442,864691135988742147,220.0
223392003,94447637649960971,864691135942924148,94447637649960971,864691135942924148,184.0
209093985,93182030577446954,864691135942924148,93182030577446954,864691135942924148,432.0
223392089,94447637650280124,864691135942924148,94447637650280124,864691135942924148,216.0
222648798,94096962026416402,864691135942924148,94096962026416402,864691135942924148,160.0
219681789,94025974739457908,864691135942924148,94025974739457908,864691135942924148,2068.0
224420533,93953888142861330,864691135942924148,93953888142861330,864691135942924148,960.0
216683954,93463162023835185,864691135942924148,93463162023835185,864691135942924148,416.0
223391666,94377131466953334,864691135942924148,94377131466953334,864691135942924148,1204.0
229786884,94800374657342551,864691135942924148,94800374657342551,864691135942924148,2676.0
214731970,93950452169261816,864691135942924148,93950452169261816,864691135942924148,3860.0
243720607,95994032169366688,864691135942924148,95994032169366688,864691135942924148,200.0
224422160,94094763070293341,864691135942924148,94094763070293341,864691135942924148,372.0
236705288,95291443971188087,864691135942924148,95291443971188087,864691135942924148,316.0
168041018,89592193630956691,864691135810982860,89592193630956691,864691135810982860,884.0
174693835,90364325604618404,864691135810982860,90364325604618404,864691135810982860,184.0
180622857,90859862355080611,864691136033332155,90859862355077033,864691135810982860,3372.0
234082889,95574568282253814,864691136953677535,95574568282250249,864691135942924148,3972.0
193134078,92127530408593840,864691136091074615,92127530408594954,864691136058745048,8256.0
133097244,87200137902305497,864691136664127454,87200137902305497,864691136664127454,320.0
140613114,87270506713118953,864691136664127454,87270506713118953,864691136664127454,708.0
147929865,87905130477219507,864691136125440038,87905130477219507,864691136125440038,3464.0
265013391,97754624357991090,864691134886499066,97754624357991090,864691134886499066,684.0
189386405,91353955124430227,864691136239902780,91353955124430227,864691136239902780,2332.0
150880418,88677812475073499,864691136177799686,88677812475074832,864691136177799686,196.0
133017946,87200000530015754,864691136664127454,87200000530015754,864691136664127454,292.0
129193120,86778200382221052,864691136664127454,86778200382221052,864691136664127454,336.0
189994418,91353130691958385,864691135751110185,91353130691948451,864691135592830731,4380.0
161635385,89312024660035043,864691136975624220,89312024660033903,864691135102433056,18696.0
194819754,91846398827734616,864691136313406781,91846398827736337,864691136239902780,5520.0
159363634,89311268879751064,864691136006519498,89311268879751064,864691136006519498,200.0
153681768,88747356518042634,864691135725842603,88747356518044750,864691134966714655,12552.0
203578219,92477450117802706,864691135592830731,92477450117802706,864691135592830731,228.0
198973801,92337056159973406,864691135592830731,92337056159973406,864691135592830731,228.0
202600937,92263732478268183,864691135592830731,92263732478268183,864691135592830731,364.0
195571513,91917866613687896,864691136664127454,91917866613687896,864691136664127454,204.0
103281715,84807462489761648,864691136006519498,84877831233933895,864691136125440038,13140.0
111633376,85300662174628319,864691136006519498,85300662174634224,864691136125440038,13292.0
133411978,87060430333387314,864691135375888840,87060430333380939,864691136125440038,9188.0
154585652,88820198895283847,864691135499231763,88820198895290213,864691135102433056,4564.0
87781301,83330131514690707,864691135276505573,83400500258855528,864691135276505573,292.0
87781084,83329856636753935,864691135276505573,83329856636744350,864691135276505573,580.0
87781048,83330131514670700,864691135276505573,83330131514656577,864691135276505573,208.0
87780989,83259487892561593,864691135276505573,83259487892550569,864691135276505573,644.0
203242793,92478342934602918,864691135808925981,92478342934602918,864691135808925981,592.0
174525012,90014612522920662,864691135725842603,90014612522920662,864691135725842603,196.0
244818301,95784230734468835,864691134886499066,95784230734468835,864691134886499066,928.0
171450578,90155350011202774,864691136023889209,90225718755377371,864691135102433056,6712.0
139983674,87761438387006602,864691136975624220,87761438387006575,864691134966714655,7316.0
145744519,88044906564023438,864691136010639022,87974537819848669,864691135360809560,284.0
158580776,89175203711776479,864691136211371452,89175203711776479,864691136211371452,1196.0
179354578,90930024739670566,864691136211371452,90930024739670566,864691136211371452,200.0
175015031,90436619098071091,864691136211371452,90436619098071091,864691136211371452,384.0
196362887,92058329492627115,864691136211371452,92058329492627115,864691136211371452,280.0
113923077,85378591000908742,864691136211371452,85378591000908742,864691136211371452,1052.0
189505906,91423980137297614,864691136211371452,91423980137297614,864691136211371452,972.0
171413097,90297049572381340,864691135927381774,90297049572372066,864691136211371452,6968.0
198589888,92000262339956521,864691136211371452,92000262339956521,864691136211371452,1124.0
181935004,91141130972012791,864691136211371452,91141130972012791,864691136211371452,1672.0
174525780,90225512597211278,864691135725842603,90225512597211278,864691135725842603,816.0
167647082,90014200206028311,864691135725842603,90014200206028311,864691135725842603,300.0
174525443,90155075133499722,864691135725842603,90155075133499722,864691135725842603,556.0
154268755,88537143705849454,864691134966714655,88537143705843011,864691134966714655,384.0
153760872,88817794249992208,864691134966069023,88817794250002166,864691136006519498,6992.0
271963225,98247343610061886,864691135430486576,98247343610061886,864691135430486576,7788.0
179353216,90718712348675435,864691134966714655,90718712348678683,864691136239902780,260.0
244904743,96066256138394168,864691135430486576,96066256138394168,864691135430486576,884.0
261799493,97543724821194537,864691135430486576,97543724821194537,864691135430486576,5640.0
244902882,95714343698119484,864691135430486576,95714343698119484,864691135430486576,536.0
244700595,95855218625482117,864691135430486576,95855218625482117,864691135430486576,792.0
244701155,95995818741422414,864691135430486576,95995818741422414,864691135430486576,1176.0
161369804,89030961664683163,864691136954028511,89030961664675583,864691135725842603,968.0
152589480,88395581717990992,864691135375888840,88395581717996310,864691134966714655,3496.0
133017651,87059056883210194,864691136085781356,87059056883198733,864691136664127454,1348.0
214722691,93672275525711680,864691135504168285,93672275525719653,864691136523335057,19064.0
168252099,89592262685750641,864691135751110185,89592262685729342,864691135725842603,392.0
69881438,82133175400360837,864691135276505573,82133175400360837,864691135276505573,216.0
269151944,98464428169007050,864691135725842603,98464428169007050,864691135725842603,356.0
162431819,89243168079531241,864691135375888840,89243168079524056,864691136905758130,1448.0
265013603,97754624357886361,864691134886499066,97754624357886361,864691134886499066,192.0
153355198,88392970243880366,864691134966714655,88392970243880366,864691134966714655,2996.0
145762038,87834555775689836,864691135725842603,87834555775689836,864691135725842603,1020.0
179351870,90648068726726854,864691135927381774,90648068726716078,864691135258563503,13324.0
111631670,85019462075930594,864691136125440038,85019462075931938,864691136125440038,11960.0
175589076,90228810930448256,864691136177799686,90228810930448256,864691136177799686,440.0
186827466,91415046739088037,864691135611019015,91415046739104756,864691135258563503,3404.0
72874208,82204987521835577,864691135276505573,82204987521835577,864691135276505573,960.0
89484740,83822918882268135,864691135276505573,83822918882268135,864691135276505573,1200.0
260789266,97399069651421151,864691134886499066,97399069651421151,864691134886499066,844.0
245191892,95997261246872594,864691134886499066,95997261246872594,864691134886499066,200.0
189662926,91495448862364916,864691135258563503,91495448862363008,864691135360809560,2480.0
173667562,90436756604037896,864691136006519498,90436756604037896,864691136006519498,280.0
293521336,100154514979488719,864691135102433056,100154514979488719,864691135102433056,5480.0
173608587,90298698638442651,864691136239902780,90298698638442651,864691136239902780,196.0
161773310,88889537182603892,864691135102433056,88889537182603892,864691135102433056,652.0
161773409,88959974646149445,864691135102433056,88959974646149445,864691135102433056,400.0
159231824,89100574695727886,864691135102433056,89100574695727886,864691135102433056,300.0
164658508,89945137064991255,864691135102433056,89945137064991255,864691135102433056,220.0
161773403,88959837207319323,864691135102433056,88889468463114661,864691135102433056,496.0
175574156,90507330969570291,864691135102433056,90507330969570291,864691135102433056,752.0
151011035,88675407427360767,864691136239980604,88675407427360767,864691136239980604,1372.0
143764609,88327618356722089,864691136177799686,88327618356728317,864691136905758130,7552.0
135777471,87762537764222105,864691135725842603,87762537764210916,864691135102433056,25400.0
285506682,99091150199578296,864691136380266965,99091218919085349,864691136380266965,652.0
143215723,88044837441710071,864691135725842603,88044837441707978,864691134966714655,4980.0
265405217,97756480388152087,864691135375888840,97756480388148965,864691135430486576,4748.0
240640161,95713793271202423,864691134886499066,95713793271202423,864691134886499066,868.0
181850259,90858900148171367,864691134966714655,90858900148176717,864691135725842603,656.0
151154494,88882528333147803,864691135258563503,88882528333147803,864691135258563503,2244.0
215443960,93393549395364121,864691136085781356,93393549395348606,864691135430486576,6200.0
279331652,98673473286799532,864691136380266965,98673473286799532,864691136380266965,244.0
180227131,91070487081327778,864691135258563503,91070487081327778,864691135258563503,332.0
192940537,91844268590962657,864691135258563503,91844268590962657,864691135258563503,268.0
174883963,90296156487229821,864691135480916422,90296156487219318,864691136006519498,1052.0
145745572,88185575332926483,864691136975624220,88185575332926483,864691136975624220,192.0
74369247,82349092600508560,864691136239980604,82349092600508560,864691136239980604,412.0
161895501,89321439429578001,864691136239980604,89321439429578001,864691136239980604,612.0
150818957,88748181219266340,864691136177799686,88748181219260897,864691136177799686,184.0
174459351,90298905199407652,864691135466236229,90298905199407652,864691135466236229,1060.0
181088962,90648137244566798,864691135725842603,90648137244556150,864691135102433056,1384.0
154508670,88396955906527017,864691136177799686,88396955906527017,864691136177799686,1780.0
138048306,87619876197331309,864691135375888840,87619876197319353,864691134966714655,2240.0
285508295,99302256432015648,864691136380266965,99302256432015648,864691136380266965,1128.0
302608987,101134317748834488,864691136380266965,101134317748834488,864691136380266965,2428.0
276388347,98804796072992846,864691136380266965,98804796072992846,864691136380266965,224.0
182107322,90789561860671679,864691135499231763,90789561860693705,864691135499231763,320.0
162254371,88961280450740135,864691135765013302,88961280450746231,864691135725842603,10228.0
111510639,85090861746463900,864691136125440038,85090861746463900,864691136125440038,1504.0
259030010,96842579865708056,864691136107283417,96842579865708056,864691136107283417,772.0
223665613,94238249203349119,864691134966069023,94238249203363345,864691135430486576,8744.0
213575903,93956568135571817,864691135455819114,93956568135566724,864691136091074615,9600.0
172293455,90437924700872980,864691136033332155,90437924700877941,864691134966714655,2544.0
147813074,88258074246294098,864691136006519498,88258074246294098,864691136006519498,1016.0
188805682,91420956815807620,864691135499707667,91420956815819555,864691136905758130,15748.0
195638414,91844062499884200,864691136523335057,91844062499901232,864691136239902780,4176.0
184281138,91555578069056977,864691135611019015,91555578069056942,864691135258563503,11416.0
159719748,89101399799320785,864691136043283030,89101399799331852,864691136239980604,5524.0
136244166,87552462659427376,864691135810982860,87622762684144169,864691136664127454,18480.0
231495002,94798106780604863,864691136523335057,94798106780604863,864691136523335057,876.0
215895823,93743881220858481,864691136523335057,93743881220858481,864691136523335057,572.0
153167677,88539342997517214,864691136239980604,88539342997517214,864691136239980604,932.0
205929901,92829293570614052,864691136523335057,92829293570614052,864691136523335057,776.0
199372899,92618737563785245,864691136091074615,92618737563785245,864691136091074615,236.0
216119273,93816449055335979,864691136091074615,93816449055335979,864691136091074615,248.0
202717286,92477587288409611,864691136523335057,92477587288409611,864691136523335057,1340.0
223181219,94236531149230132,864691135465113157,94236531149226610,864691136523335057,4024.0
133362038,86990061589430979,864691135375888840,86990061589438127,864691136125440038,14392.0
133361970,86990130308854930,864691135375888840,86990130308860304,864691136125440038,5588.0
151396039,88326587631783919,864691135611019015,88326587631783919,864691135611019015,1568.0
223368746,94025699862067545,864691135360809560,94025699862068075,864691136091074615,13272.0
158265435,89099681611067544,864691135611019015,89099681611067544,864691135611019015,224.0
59287357,81430106635125125,864691135276505573,81430106635125125,864691135276505573,556.0
88094973,83400568978381176,864691135276505573,83400568978381176,864691135276505573,796.0
71897647,82345450065346388,864691135276505573,82345450065346388,864691135276505573,192.0
153391802,88539549089078282,864691135360809560,88539617808574682,864691136975624220,5012.0
146952251,88184338046618680,864691135765013302,88184338046625196,864691135725842603,13232.0
188928068,91422537027775376,864691135499231763,91422537027775376,864691135499231763,1852.0
166980066,90012688176010425,864691136239980604,90012688176010425,864691136239980604,280.0
179431102,91070281392636292,864691136905758130,91070281392636292,864691136905758130,212.0
226864070,94870330883303427,864691136905758130,94870330883303427,864691136905758130,184.0
180585135,91070487551215838,864691136905758130,91070487551215838,864691136905758130,292.0
274316553,98877156809602686,864691136523335057,98877156809602686,864691136523335057,588.0
266060366,97475486246554636,864691135102433056,97475486246554636,864691135102433056,584.0
165319517,89596385921834532,864691136177799686,89596385921834532,864691136177799686,344.0
237789613,95151530981905278,864691136239980604,95151530981908598,864691136905758130,932.0
129166552,86919417900268889,864691135375888840,86919417900267499,864691136125440038,7300.0
111638368,85367457170499248,864691135276505573,85367457170499248,864691135276505573,400.0
205800738,92899593527946945,864691136033332155,92899593527949171,864691136523335057,2544.0
268197350,97964631951463938,864691135430486576,97964631951463938,864691135430486576,184.0
178552912,90649305811516110,864691135611019015,90649305811516110,864691135611019015,164.0
159035464,88888506725747609,864691135611019015,88888506725747609,864691135611019015,832.0
154199913,88888369220208398,864691135611019015,88888369220208398,864691135611019015,524.0
179431463,91140443978465426,864691136905758130,91140443978465426,864691136905758130,428.0
154459082,88678912120398902,864691135725842603,88608543376194359,864691135102433056,3976.0
168352217,89522787362109834,864691135294441654,89452418617923221,864691135102433056,4908.0
189960352,91289153195021263,864691136905758130,91289153195021263,864691136905758130,176.0
153936824,88677949981120034,864691135280682401,88677949981129464,864691136177799686,1240.0
261386412,97614437430772467,864691135763795510,97614437430768583,864691135430486576,15388.0
182106714,90648755653027508,864691135499231763,90648755653027508,864691135499231763,336.0
175318219,90226543187836704,864691135499231763,90226543187836704,864691135499231763,1556.0
174439660,90576119099055259,864691135499231763,90576119099055259,864691135499231763,632.0
180225304,90859724446421680,864691135499231763,90859724446421680,864691135499231763,728.0
165987873,89663112801882308,864691135375590217,89663112801882333,864691136905758130,4976.0
174685069,90294850482221831,864691134966714655,90294850482221831,864691134966714655,1232.0
153109929,88820130779822867,864691135466236229,88820130779822867,864691135466236229,1592.0
83259861,83259556611998531,864691135276505573,83259556611998531,864691135276505573,300.0
113756994,85303479941753515,864691136177799686,85303479941753515,864691136177799686,552.0
174685333,90365013134504431,864691135611019015,90365013134504431,864691135611019015,324.0
161773449,88959768487828066,864691135102433056,88959768487828066,864691135102433056,188.0
178167206,91140581216551215,864691135782506832,91140581216556348,864691136006519498,4376.0
151749710,88811540509531056,864691135466236229,88811540509531056,864691135466236229,168.0
203164630,92688830959856220,864691136905758130,92688830959856220,864691136905758130,716.0
224488043,93953956862255185,864691136905758130,93953956862255185,864691136905758130,304.0
188700356,91140237685909719,864691135455819114,91140237685905442,864691135725842603,11724.0
216728701,93815624287333489,864691136905758130,93815624287333489,864691136905758130,1324.0
203119901,92337674702193216,864691136091074615,92337674702191227,864691135592830731,3724.0
158970827,89452418618013794,864691135725842603,89452418618004595,864691135102433056,26508.0
165626584,89517770840204572,864691135466236229,89517770840204572,864691135466236229,244.0
171618122,90226749748607378,864691135466236229,90226749748607378,864691135466236229,1956.0
168040633,89523268398248506,864691135466236229,89523268398248506,864691135466236229,340.0
175212129,90087249277919022,864691135466236229,90087249277919022,864691135466236229,2296.0
186589568,91564649241342634,864691135466236229,91564649241342634,864691135466236229,1280.0
138842844,87341081079215262,864691134966714655,87341081079215262,864691134966714655,200.0
146994543,88045387130276663,864691135474504498,88045387130283554,864691135808925981,1024.0
155228163,88541954136156268,864691134966714655,88541954136156268,864691134966714655,160.0
154268072,88396543656318948,864691134966714655,88396543656318948,864691134966714655,744.0
154268377,88466912400626214,864691134966714655,88466912400626214,864691134966714655,868.0
224065789,94104108717954099,864691134966714655,94104108717954099,864691134966714655,244.0
161191785,89382050008053843,864691135466236229,89381981288539499,864691136905758130,15068.0
240854749,95853775314727791,864691136107283417,95853775314727791,864691136107283417,184.0
251449578,96278118150755267,864691136107283417,96278118150755267,864691136107283417,292.0
237792285,95573399849679250,864691136107283417,95573468569124067,864691136107283417,172.0
217536961,93674337311530718,864691136523335057,93674268592019059,864691136107283417,1400.0
154459896,88749349584216651,864691136120159768,88749349584209419,864691135360809560,2240.0
112948747,85019325375082637,864691135102433056,85019325375080572,864691135360809560,4532.0
139633391,87550057410674560,864691135942924148,87550126130153327,864691135360809560,25836.0
186023463,91424598478013884,864691135294441654,91424598478012673,864691135808925981,3976.0
185318634,91282074283157547,864691135808925981,91282074283157547,864691135808925981,196.0
152982582,88749143492790808,864691136975624220,88749143492785363,864691135102433056,14824.0
183373187,90653978332956031,864691136975624220,90653978332956031,864691136975624220,628.0
168521759,89874768454639226,864691137199050049,89874699735146172,864691136975624220,18920.0
150890644,88395787809669727,864691136975624220,88395787809669727,864691136975624220,344.0
139010061,87404715717522977,864691136975624220,87404715717522977,864691136975624220,2548.0
229680610,94799412450648871,864691135430486576,94799412450648871,864691135430486576,192.0
216711047,93535042931864145,864691135430486576,93535042931864145,864691135430486576,284.0
140612905,87200069249555881,864691136664127454,87200069249555881,864691136664127454,536.0
139515955,87483124707167393,864691136664127454,87483124707167393,864691136664127454,668.0
133096854,87129837877632138,864691136664127454,87129837877623004,864691136664127454,160.0
124744545,86286237648389798,864691136664127454,86286237648389798,864691136664127454,1696.0
191291837,92192126783464285,864691135592830731,92192126783464285,864691135592830731,400.0
146403085,87976255873508960,864691135611019015,87976255873508960,864691135611019015,1632.0
161498377,89240419166598939,864691135611019015,89240419166598939,864691135611019015,668.0
237919336,95573331130461822,864691136107283417,95573331130461822,864691136107283417,888.0
216488688,93743537623188369,864691136107283417,93743537623188369,864691136107283417,232.0
234113520,95151462397026881,864691136107283417,95151462397026881,864691136107283417,840.0
258522165,96980156258193087,864691136107283417,96980156258193087,864691136107283417,432.0
215758758,93603762475833946,864691134949081852,93603762475831375,864691136107283417,2072.0
237919516,95573399849882950,864691136107283417,95573399849882950,864691136107283417,676.0
173625578,90155968755127361,864691135611019015,90155968755127361,864691135611019015,200.0
213971363,93817479847224683,864691136091074615,93817479847224683,864691136091074615,164.0
167518307,89591781515623569,864691134966714655,89591781515623569,864691134966714655,196.0
154031266,88396268778493216,864691134966714655,88396268778493216,864691134966714655,5452.0
265013564,97754693077519496,864691134886499066,97754693077520657,864691134886499066,520.0
152678203,88678912322080662,864691135375888840,88678843602609906,864691136239980604,7396.0
154154702,88889331158315714,864691136239980604,88889331158300313,864691136239980604,564.0
174525121,90084843828278256,864691135725842603,90084843828278256,864691135725842603,192.0
179431159,91070075234334303,864691136905758130,91070075234334303,864691136905758130,1808.0
136330078,87411724768366192,864691136177799686,87411724768366192,864691136177799686,1256.0
167700576,89874905826911260,864691136211371452,89874905826907944,864691136975624220,7548.0
143467911,87975293129970309,864691136239980604,87975293129970309,864691136239980604,872.0
153117580,88538587083163812,864691136239980604,88538587083163812,864691136239980604,892.0
154024292,88818962414394180,864691136239980604,88818962414394180,864691136239980604,528.0
192940680,91844199871504403,864691135258563503,91844199871504403,864691135258563503,376.0
238139692,95290687922508816,864691136107283417,95290687922508816,864691136107283417,260.0
243918790,96137380528486855,864691136107283417,96137380528486855,864691136107283417,172.0
213236804,93887298902751935,864691136275894285,93816930158571482,864691135592830731,16768.0
198973945,92407424904125893,864691135592830731,92407424904125893,864691135592830731,480.0
213968341,93395336101495437,864691135592830731,93395336101495437,864691135592830731,1308.0
159362594,89240831415932534,864691136006519498,89240831415932534,864691136006519498,388.0
188606548,91562450084039071,864691135504168285,91562450084033531,864691135592830731,13196.0
229907716,94866619494885465,864691136107283417,94866619494885465,864691136107283417,2608.0
129243115,86919005851600789,864691136125440038,86919005851585116,864691136125440038,420.0
162019842,89453380086670590,864691136125440038,89453380086670590,864691136125440038,708.0
146260839,88187567526498086,864691136125440038,88187567526498086,864691136125440038,1484.0
141632296,87555623151154770,864691136125440038,87555623151154770,864691136125440038,192.0
140245455,87693611793188698,864691136125440038,87693611793188698,864691136125440038,336.0
154256403,88536524895330633,864691136125440038,88536524895330633,864691136125440038,364.0
186531488,91214042068238747,864691135808925981,91214042068238747,864691135808925981,3668.0
167684934,89804262003012153,864691135808925981,89804262003012153,864691135808925981,192.0
206447634,93042392264952359,864691135808925981,93042392264952359,864691135808925981,776.0
214851764,93390662505989820,864691135808925981,93390662505989820,864691135808925981,1028.0
186234739,91276920658003872,864691135808925981,91276920658003872,864691135808925981,292.0
199692058,92476899690867769,864691135808925981,92476899690867769,864691135808925981,180.0
185318343,91211911697544914,864691135808925981,91211911697544914,864691135808925981,168.0
196688524,91708753447332976,864691135808925981,91708753447332976,864691135808925981,632.0
320361514,101909885091918410,864691135808925981,101909885091918410,864691135808925981,268.0
199658466,92338017896902507,864691135808925981,92338017896902507,864691135808925981,408.0
213166659,93605479791531170,864691135808925981,93605479791531170,864691135808925981,868.0
208995181,93180174815866492,864691135808925981,93180174815866492,864691135808925981,276.0
189396122,91423636338345519,864691135808925981,91423636338345519,864691135808925981,316.0
180201715,90995170401053498,864691135808925981,90995170401053498,864691135808925981,364.0
180910266,91067944327027890,864691135808925981,91067944327027890,864691135808925981,308.0
154913423,88820748718276917,864691136125440038,88820748718276917,864691136125440038,868.0
241106209,95857211556885611,864691135763795510,95857211556883366,864691136107283417,536.0
70317150,82691245868414170,864691136125440038,82691245868414170,864691136125440038,1812.0
188604105,91210743802085441,864691136239902780,91210743802085441,864691136239902780,164.0
224511283,94026524092919253,864691136239902780,94026524092919253,864691136239902780,3880.0
180708149,90930917757168105,864691135808925981,90930917757168105,864691135808925981,1232.0
223385794,94025562624085490,864691136091074615,94025562624082374,864691136091074615,564.0
112311982,85300593454949294,864691136125440038,85300593454949294,864691136125440038,1016.0
213575443,93886199391382075,864691135455819114,93886199391389870,864691136091074615,15828.0
136119890,87551500251002580,864691135280682401,87551500251028606,864691135102433056,2320.0
238464728,95153936633330806,864691136380266965,95153936633330806,864691136380266965,164.0
152136036,88399979831691442,864691136975624220,88399979831691442,864691136975624220,272.0
145097219,88114587912082930,864691136975624220,88114587912082930,864691136975624220,792.0
133832173,86849599582790498,864691136975624220,86849599582790498,864691136975624220,492.0
125253488,86568605575540081,864691136975624220,86568605575540081,864691136975624220,304.0
138570174,87340737951691040,864691136975624220,87340737951691040,864691136975624220,300.0
152061484,88609849113377011,864691136975624220,88609849113377011,864691136975624220,1552.0
145095873,87903550398946979,864691136975624220,87903550398946979,864691136975624220,748.0
129155679,86918662925671597,864691135725842603,86918662925675295,864691136975624220,11796.0
168740590,89522718575637476,864691136975624220,89522718575637476,864691136975624220,244.0
224258900,94446675040933266,864691136975624220,94446675040933266,864691136975624220,220.0
154220366,88536937681817331,864691135765013302,88536937681819266,864691136975624220,16560.0
166590575,89662906442170209,864691135466236229,89662906442170209,864691135466236229,592.0
171569460,90507399957876121,864691135258563503,90507399957876121,864691135258563503,188.0
250488445,96699368744285691,864691136101516661,96699368744296257,864691136101516661,1488.0
261296694,97402987265688187,864691136101516661,97402987265688187,864691136101516661,204.0
219932196,94235981594787734,864691136101516661,94235981594787734,864691136101516661,160.0
153550940,88677125682893349,864691135360809560,88677125682893349,864691135360809560,332.0
161758317,89101537036741165,864691135466236229,89101537036741165,864691135466236229,308.0
306048221,100991244200625588,864691136101516661,100991244200625588,864691136101516661,1228.0
259071843,97052998702037228,864691136523335057,97052998702037228,864691136523335057,1400.0
224710262,94245396431866039,864691136523335057,94245396431866039,864691136523335057,1944.0
132004679,86848705826946727,864691136125440038,86848774546429554,864691136125440038,160.0
153980752,88537419053559637,864691135360809560,88537419053559637,864691135360809560,888.0
153167643,88539342997504195,864691135499707667,88539342997510399,864691136664127454,1592.0
208367557,93180381444422539,864691136091074615,93180381444416785,864691136107283417,4752.0
202791416,92548025222024006,864691136091074615,92548025222024006,864691136091074615,164.0
192784474,92126293860187092,864691136091074615,92126293860187092,864691136091074615,2884.0
223427905,94096000087813144,864691136091074615,94096000087813144,864691136091074615,1800.0
215403730,93884825135924454,864691136091074615,93884825135924454,864691136091074615,228.0
226738868,95080475378501099,864691136091074615,95080475378501099,864691136091074615,240.0
236672332,95572712453628188,864691136091074615,95572712453628188,864691136091074615,160.0
215403495,93884687696886486,864691136091074615,93884687696886486,864691136091074615,764.0
222912173,94446743626149654,864691136664127454,94446743626149654,864691136664127454,1052.0
165990090,89944725217442624,864691135360809560,89944725217442624,864691135360809560,2140.0
161294241,89171287372704179,864691135258563503,89171287372707508,864691135360809560,1952.0
66973776,82138673764016059,864691136913993713,82138673764016059,864691136913993713,248.0
153586694,88679461742192664,864691135760106830,88679461742197619,864691135751110185,3172.0
133468977,87130799882874563,864691136913993713,87130799882875327,864691136033332155,6932.0
244700814,95925312558249293,864691135430486576,95925312558267762,864691135375590217,384.0
168251649,89521825222169478,864691135751110185,89521825222169478,864691135751110185,964.0
166040025,89805155423334768,864691135751110185,89805155423334768,864691135751110185,1768.0
138914770,87342112206537947,864691135357351375,87342112206539841,864691135751110185,4712.0
153614649,88607306963046432,864691136913993713,88607306963046432,864691136913993713,2508.0
103852904,84455276043989207,864691136913993713,84455276043989207,864691136913993713,1608.0
140448143,87622487806317344,864691136913993713,87622487806317344,864691136913993713,208.0
298830749,100638300364226135,864691135569902316,100638300364226135,864691135569902316,1100.0
174502215,90156381205807558,864691135504168285,90156381205794424,864691136033332155,4604.0
215750290,93528101594023653,864691135763795510,93528101594012770,864691134966069023,3212.0
180323874,90791143012752754,864691135499707667,90791143012736772,864691136033332155,888.0
293639367,99584556176587536,864691135569902316,99584556176587536,864691135569902316,424.0
146908302,88185712302108378,864691135124603687,88185781021550794,864691135294520844,3060.0
174875757,90437443329090081,864691135725842603,90437512048526091,864691135294520844,2028.0
268786017,98178761639813492,864691136953677535,98249130384007486,864691135569902316,12076.0
195640236,92195906287528435,864691135294520844,92195906287528435,864691135294520844,180.0
171815404,90299386303031064,864691135455819114,90299386303031064,864691135455819114,188.0
131995603,87129081896058265,864691135294520844,87129081896058265,864691135294520844,676.0
134047124,86992192228602312,864691136023889209,86992260948078438,864691137199050049,14128.0
167299559,89733481076652492,864691135294520844,89733481076652492,864691135294520844,172.0
265125348,97542831602213409,864691135386963541,97542831602198710,864691136953677535,5528.0
161682174,89381018813257678,864691136975624220,89381018813250836,864691135294520844,13592.0
96392146,84032650590910370,864691136120159768,84032650590895833,864691137199050049,6652.0
93566249,84104530962715367,864691137199050049,84104530962715367,864691137199050049,352.0
250266468,96557394305512352,864691135499707667,96557394305527667,864691135375590217,3376.0
141051372,87482849493618057,864691135927381774,87482849493615555,864691135294520844,6448.0
173989986,90507949512160308,864691135562004193,90437580767969314,864691135294520844,8368.0
220294390,94157915598132461,864691134966069023,94157915598132461,864691134966069023,1136.0
313409649,101486367359725683,864691136380266965,101486367359732603,864691135569902316,1224.0
173751753,90155762260862721,864691136010639022,90155762260847926,864691135751110185,1636.0
164980619,89802544083359198,864691136913993713,89802475363878247,864691135294520844,1868.0
161608970,89031374652311888,864691136275894285,89031374652303656,864691136033332155,2396.0
93776546,84105080919442300,864691137199050049,84105080919440997,864691137199050049,244.0
93774590,83893837247916449,864691137199050049,83823468503733600,864691137199050049,460.0
175164196,90084912882783818,864691135455819114,90084912816299849,864691135455819114,240.0
175164233,90085050321843279,864691135455819114,90155419066016793,864691135455819114,1780.0
175698738,90158442857307336,864691135102433056,90158442857298090,864691136033332155,5148.0
284752137,99302531309544467,864691135569902316,99302531309544467,864691135569902316,280.0
284752278,99302600029109880,864691135569902316,99302600029109880,864691135569902316,296.0
284980384,99162618119911133,864691135569902316,99162618119911133,864691135569902316,272.0
158670956,89451662636371456,864691135751110185,89451662636371456,864691135751110185,188.0
167920477,89944518656528658,864691135294520844,89944518656528658,864691135294520844,500.0
185339179,91634261736013147,864691135294520844,91634261736013147,864691135294520844,228.0
188975361,91494554905395685,864691135294520844,91494554905395685,864691135294520844,300.0
195842335,91774518523141129,864691135294520844,91774518523141129,864691135294520844,1184.0
177914230,90859724848933863,864691135455819114,90859724848933863,864691135455819114,1900.0
284752956,99443200078474604,864691135569902316,99443200078482087,864691135569902316,348.0
196037444,91704012407238259,864691136033332155,91704012407238259,864691136033332155,164.0
188566190,91560869670231162,864691136033332155,91560869670231162,864691136033332155,184.0
224035886,94168773879441264,864691136275894285,94168773879447512,864691136033332155,1840.0
185442536,91424873758421663,864691136033332155,91424873758421663,864691136033332155,188.0
175164090,90084844163469881,864691135455819114,90084844163475245,864691135455819114,196.0
166829429,89944175394537770,864691135455819114,89873806650346692,864691135455819114,840.0
175164224,90155487785581865,864691135455819114,90155487785581865,864691135455819114,420.0
146460900,87762881697125676,864691136913993713,87762881697125676,864691136913993713,480.0
136089958,87409663519663634,864691136913993713,87409663519663634,864691136913993713,344.0
177438968,90520319756128237,864691136913993713,90520319756128237,864691136913993713,200.0
123317033,86566132144009237,864691135294441654,86566132144017072,864691136913993713,2000.0
245033848,95714137606647772,864691136953677535,95714137606647772,864691136953677535,1092.0
234135829,95573537557105764,864691136953677535,95573537557105764,864691136953677535,320.0
227042537,94730212004497592,864691136953677535,94730212004497592,864691136953677535,164.0
233819976,95224236457134634,864691135375590217,95224236457134634,864691135375590217,572.0
234086575,95573400051371372,864691135375590217,95573400051371372,864691135375590217,464.0
278131109,98669005514117554,864691136033332155,98669005514117554,864691136033332155,428.0
224036962,94309580087247560,864691135583172717,94309580087238866,864691136033332155,1468.0
220579216,94098267696373313,864691135583172717,94098267696374290,864691136033332155,2520.0
188729852,91353405704407659,864691136275894285,91353405704412153,864691136033332155,8492.0
196038101,91844818614965856,864691136033332155,91844818614965856,864691136033332155,188.0
196266590,91844681109315089,864691136033332155,91844681109315089,864691136033332155,940.0
136135995,87554249298630094,864691136913993713,87554249298630094,864691136913993713,392.0
206434451,93042324149465702,864691135480916422,93042392868940405,864691136953677535,10556.0
205728858,93390044165146558,864691134966069023,93390044165146558,864691134966069023,1196.0
213109285,93532568359833636,864691134966069023,93532568359833636,864691134966069023,1552.0
193948833,91912850024913872,864691134966069023,91912850024913872,864691134966069023,2144.0
153031371,88466225877074663,864691136913993713,88466225877074663,864691136913993713,592.0
138376388,87410007183780995,864691136913993713,87410007183780995,864691136913993713,3208.0
138980372,87762538099585397,864691136913993713,87762538099585397,864691136913993713,176.0
262861325,97554101998951964,864691136953677535,97554101998951964,864691136953677535,160.0
221039004,94522954599428380,864691136953677535,94522954599428380,864691136953677535,3308.0
240794865,95854737589094921,864691135375590217,95854737589084185,864691135375590217,868.0
286072568,99375510253362346,864691134966069023,99375510253362346,864691134966069023,312.0
119608665,85935836499205157,864691137199050049,85935836499205157,864691137199050049,276.0
95999343,84104874760964030,864691137199050049,84104874760964030,864691137199050049,336.0
83262528,83048999934206929,864691137199050049,83048999934206929,864691137199050049,384.0
90315917,83679294974867887,864691137199050049,83679294974867887,864691137199050049,424.0
93774759,83893974686974231,864691137199050049,83893974686974231,864691137199050049,172.0
93775580,84034506016771686,864691137199050049,84034506016771686,864691137199050049,292.0
93775769,84034712175286310,864691137199050049,84034712175286310,864691137199050049,228.0
264812109,97757511113052808,864691135375590217,97757511113049130,864691136953677535,1916.0
