pre_pt_root_id,post_pt_root_id,synapse_count,synapse_size_sum
864691134886499066,864691135124603687,1,2084.0
864691134886499066,864691136010639022,1,3028.0
864691134886499066,864691136052738803,1,12872.0
864691134949081852,864691135357351375,1,3464.0
864691134949081852,864691136010639022,1,6376.0
864691134949081852,864691136107283417,1,2072.0
864691134966069023,864691135430486576,1,8744.0
864691134966069023,864691135765013302,1,6728.0
864691134966069023,864691135990004992,1,496.0
864691134966069023,864691136006519498,1,6992.0
864691134966069023,864691136484732972,1,1672.0
864691134966714655,864691135357351375,2,34136.0
864691134966714655,864691135725842603,1,656.0
864691134966714655,864691136239902780,1,260.0
864691134966714655,864691136275894285,3,34844.0
864691135102433056,864691135357351375,2,26344.0
864691135102433056,864691135360809560,1,4532.0
864691135102433056,864691135465343045,1,2832.0
864691135102433056,864691136033332155,1,5148.0
864691135124603687,864691135294520844,1,3060.0
864691135258563503,864691135360809560,2,4432.0
864691135258563503,864691135480916422,1,1016.0
864691135258563503,864691135763795510,1,736.0
864691135258563503,864691135868060950,1,1732.0
864691135258563503,864691135942924148,1,3396.0
864691135271463077,864691135764015926,1,2908.0
864691135276505573,864691135927381774,1,3560.0
864691135280682401,864691135102433056,1,2320.0
864691135280682401,864691135357351375,2,18688.0
864691135280682401,864691135374981320,1,19772.0
864691135280682401,864691135480916422,2,15956.0
864691135280682401,864691136010639022,1,4276.0
864691135280682401,864691136058745048,1,4196.0
864691135280682401,864691136177799686,1,1240.0
864691135294441654,864691135102433056,1,4908.0
864691135294441654,864691135357351375,1,5872.0
864691135294441654,864691135430275120,1,5664.0
864691135294441654,864691135474504498,1,4892.0
864691135294441654,864691135808925981,1,3976.0
864691135294441654,864691136058745048,1,992.0
864691135294441654,864691136725093373,1,33944.0
864691135294441654,864691136913993713,1,2000.0
864691135339729894,864691135646481135,1,3716.0
864691135357351375,864691135280682401,1,4820.0
864691135357351375,864691135751110185,1,4712.0
864691135360809560,864691134949081852,1,3708.0
864691135360809560,864691135375888840,1,4612.0
864691135360809560,864691136010639022,1,2168.0
864691135360809560,864691136091074615,1,13272.0
864691135360809560,864691136524297617,1,16976.0
864691135360809560,864691136975624220,1,5012.0
864691135374981320,864691135357351375,1,4264.0
864691135375590217,864691135280682401,1,1648.0
864691135375590217,864691136905758130,1,4976.0
864691135375590217,864691136953677535,1,1916.0
864691135375888840,864691134966714655,2,5736.0
864691135375888840,864691135124603687,1,3244.0
864691135375888840,864691135430486576,1,4748.0
864691135375888840,864691136085781356,1,2864.0
864691135375888840,864691136125440038,4,36468.0
864691135375888840,864691136239980604,1,7396.0
864691135375888840,864691136905758130,1,1448.0
864691135386963541,864691135504168285,1,2236.0
864691135386963541,864691135764015926,1,3088.0
864691135386963541,864691136953677535,1,5528.0
864691135430486576,864691135375590217,1,384.0
864691135455819114,864691135725842603,1,11724.0
864691135455819114,864691136085781356,1,5184.0
864691135455819114,864691136091074615,2,25428.0
864691135455819114,864691136120159768,1,13552.0
864691135465113157,864691135357351375,1,2904.0
864691135465113157,864691135374981320,1,5588.0
864691135465113157,864691136523335057,1,4024.0
864691135466236229,864691135810982860,1,17024.0
864691135466236229,864691136058745048,1,4304.0
864691135466236229,864691136905758130,1,15068.0
864691135474504498,864691135357351375,1,2612.0
864691135474504498,864691135808925981,1,1024.0
864691135480916422,864691135280682401,2,11732.0
864691135480916422,864691136006519498,1,1052.0
864691135480916422,864691136023889209,1,1320.0
864691135480916422,864691136953677535,1,10556.0
864691135499231763,864691135102433056,1,4564.0
864691135499231763,864691135990004992,1,416.0
864691135499707667,864691135375590217,1,3376.0
864691135499707667,864691135465113157,1,300.0
864691135499707667,864691135760106830,1,2552.0
864691135499707667,864691135942924148,1,3608.0
864691135499707667,864691136033332155,1,888.0
864691135499707667,864691136058745048,1,2960.0
864691135499707667,864691136664127454,1,1592.0
864691135499707667,864691136905758130,1,15748.0
864691135504168285,864691135592830731,1,13196.0
864691135504168285,864691136033332155,1,4604.0
864691135504168285,864691136058745048,1,2172.0
864691135504168285,864691136484732972,1,1864.0
864691135504168285,864691136523335057,1,19064.0
864691135562004193,864691135294520844,1,8368.0
864691135562004193,864691135504168285,1,380.0
864691135562004193,864691135694415551,2,16692.0
864691135562004193,864691136010639022,1,5524.0
864691135562004193,864691136313406781,1,6960.0
864691135569902316,864691136058745048,1,1196.0
864691135577816862,864691135357351375,1,4840.0
864691135577816862,864691135386963541,1,1212.0
864691135577816862,864691135430275120,1,9248.0
864691135577816862,864691135480916422,3,33720.0
864691135583172717,864691136033332155,2,3988.0
864691135592830731,864691135374981320,1,2272.0
864691135611019015,864691135258563503,2,14820.0
864691135611019015,864691136524297617,1,6228.0
864691135646481135,864691135763795510,1,4964.0
864691135725748139,864691135465343045,1,4328.0
864691135725748139,864691136012739747,1,3732.0
864691135725748139,864691136085781356,1,14824.0
864691135725842603,864691134949081852,1,2888.0
864691135725842603,864691134966714655,2,17532.0
864691135725842603,864691135102433056,4,57268.0
864691135725842603,864691135294520844,1,2028.0
864691135725842603,864691135357351375,1,12584.0
864691135725842603,864691135562004193,1,9184.0
864691135725842603,864691136975624220,1,11796.0
864691135742189163,864691135375888840,1,4428.0
864691135742189163,864691136043283030,1,7904.0
864691135751110185,864691135592830731,1,4380.0
864691135751110185,864691135725842603,1,392.0
864691135751110185,864691136058745048,1,3660.0
864691135760106830,864691135124603687,1,1188.0
864691135760106830,864691135465113157,1,3300.0
864691135760106830,864691135504168285,1,1628.0
864691135760106830,864691135751110185,1,3172.0
864691135760106830,864691136524297617,1,4348.0
864691135763795510,864691134966069023,1,3212.0
864691135763795510,864691135430486576,1,15388.0
864691135763795510,864691136107283417,1,536.0
864691135765013302,864691135725842603,2,23460.0
864691135765013302,864691136975624220,1,16560.0
864691135779020221,864691135504168285,1,12936.0
864691135779020221,864691135742189163,1,1264.0
864691135782506832,864691135280682401,1,7204.0
864691135782506832,864691136006519498,1,4376.0
864691135782506832,864691136043283030,1,4184.0
864691135782506832,864691136120159768,1,3936.0
864691135810982860,864691136120159768,1,3936.0
864691135810982860,864691136664127454,1,18480.0
864691135927381774,864691135258563503,1,13324.0
864691135927381774,864691135294520844,1,6448.0
864691135927381774,864691135694415551,1,2732.0
864691135927381774,864691136211371452,1,6968.0
864691135942924148,864691135360809560,1,25836.0
864691135942924148,864691136524297617,1,3044.0
864691135988742147,864691135765013302,2,17392.0
864691135988742147,864691136058745048,1,3684.0
864691135990004992,864691135280682401,1,2876.0
864691135990004992,864691136043283030,1,10476.0
864691136006519498,864691136125440038,2,26432.0
864691136010639022,864691135360809560,1,284.0
864691136010639022,864691135465343045,1,8216.0
864691136010639022,864691135751110185,1,1636.0
864691136010639022,864691136058745048,1,8840.0
864691136012739747,864691135465343045,1,17660.0
864691136012739747,864691135760106830,1,3704.0
864691136023889209,864691135102433056,1,6712.0
864691136023889209,864691135990004992,1,13500.0
864691136023889209,864691137199050049,1,14128.0
864691136025504569,864691136210847932,1,12824.0
864691136033332155,864691134966714655,1,2544.0
864691136033332155,864691135357351375,1,4236.0
864691136033332155,864691135810982860,1,3372.0
864691136033332155,864691135988742147,1,2724.0
864691136033332155,864691136523335057,1,2544.0
864691136043283030,864691135782506832,1,6972.0
864691136043283030,864691136023889209,1,544.0
864691136043283030,864691136239980604,1,5524.0
864691136052738803,864691136484732972,1,3024.0
864691136058745048,864691135374981320,1,8588.0
864691136058745048,864691135504168285,1,2164.0
864691136058745048,864691135942924148,1,1924.0
864691136058745048,864691136010639022,1,15320.0
864691136085781356,864691135430486576,1,6200.0
864691136085781356,864691136010639022,1,3136.0
864691136085781356,864691136664127454,1,1348.0
864691136091074615,864691135465343045,1,1380.0
864691136091074615,864691135592830731,1,3724.0
864691136091074615,864691135988742147,1,2004.0
864691136091074615,864691136058745048,3,31292.0
864691136091074615,864691136107283417,1,4752.0
864691136101516661,864691135386963541,1,17900.0
864691136120159768,864691135360809560,1,2240.0
864691136120159768,864691135562004193,1,4408.0
864691136120159768,864691137199050049,1,6652.0
864691136125440038,864691135280682401,1,3932.0
864691136177799686,864691135694415551,1,1916.0
864691136177799686,864691136905758130,1,7552.0
864691136210847932,864691136025504569,1,8252.0
864691136211371452,864691135760106830,2,2528.0
864691136211371452,864691136010639022,1,5608.0
864691136211371452,864691136975624220,1,7548.0
864691136239902780,864691135386963541,1,4372.0
864691136239902780,864691135782506832,1,11376.0
864691136239980604,864691135124603687,1,9468.0
864691136239980604,864691136085781356,1,12332.0
864691136239980604,864691136484732972,1,13968.0
864691136239980604,864691136905758130,1,932.0
864691136275894285,864691135592830731,1,16768.0
864691136275894285,864691136033332155,3,12728.0
864691136275894285,864691136058745048,1,3468.0
864691136313406781,864691135124603687,1,2444.0
864691136313406781,864691135810982860,1,2068.0
864691136313406781,864691136239902780,1,5520.0
864691136380266965,864691135569902316,1,1224.0
864691136523335057,864691135386963541,1,1568.0
864691136523335057,864691136107283417,1,1400.0
864691136523335057,864691136239902780,1,4176.0
864691136905758130,864691135386963541,1,12968.0
864691136905758130,864691136010639022,1,3552.0
864691136913993713,864691135124603687,1,5608.0
864691136913993713,864691135294520844,1,1868.0
864691136913993713,864691135583172717,1,13628.0
864691136913993713,864691135942924148,1,11712.0
864691136913993713,864691136033332155,1,6932.0
864691136953677535,864691135569902316,1,12076.0
864691136953677535,864691135942924148,1,3972.0
864691136954028511,864691135725842603,1,968.0
864691136975624220,864691134966714655,1,7316.0
864691136975624220,864691135102433056,2,33520.0
864691136975624220,864691135294520844,1,13592.0
864691137199050049,864691136043283030,1,13988.0
864691137199050049,864691136975624220,1,18920.0
