cohort,functional_metric,structural_metric,controls,test_role,rho,p_value,n_neurons,rank_variance_approx,q_bh_all_tests
all_906,mean_fcorr_signed,total_degree,raw,exploratory,0.16699872513683223,4.298624104593104e-07,906,0.02788857419732724,1.2895872313779313e-05
all_906,mean_fcorr_signed,total_degree,distance,exploratory,0.11741130536309383,0.00039795328763322306,906,0.013785414627065664,0.0034410515463263623
all_906,mean_fcorr_signed,total_degree,distance+area,exploratory,0.09920984452336921,0.0027947552286597356,906,0.009842593250351092,0.014795762975257424
all_906,mean_fcorr_signed,total_degree,distance+area+cell_type,exploratory,0.05563894388678613,0.094188096673023,906,0.0030956920768369354,0.17660268126191814
all_906,mean_fcorr_signed,total_degree,distance+area+layer,strict_layer_sensitivity,0.05994361471025861,0.07132168576289627,906,0.0035932369445319324,0.14362913127335514
all_906,mean_fcorr_signed,total_strength,raw,exploratory,0.1680334901425103,3.6375382796634635e-07,906,0.0282352538094731,1.2895872313779313e-05
all_906,mean_fcorr_signed,total_strength,distance,exploratory,0.12234098874728071,0.0002231690519652831,906,0.014967317527662265,0.002231690519652831
all_906,mean_fcorr_signed,total_strength,distance+area,primary,0.10954215562122328,0.0009579571116966421,906,0.0119994838581443,0.006632010773284445
all_906,mean_fcorr_signed,total_strength,distance+area+cell_type,exploratory,0.06496680263957491,0.05060010168983822,906,0.004220685445209478,0.11750440771845733
all_906,mean_fcorr_signed,total_strength,distance+area+layer,strict_layer_sensitivity,0.06837131117557094,0.039635078985811166,906,0.004674636191866751,0.1114736596475939
all_906,mean_fcorr_signed,in_degree,raw,exploratory,0.18736222468955485,1.3298956180492594e-08,906,0.03510460324061924,1.1969060562443335e-06
all_906,mean_fcorr_signed,in_degree,distance,exploratory,0.1490250270093244,6.649424420689502e-06,906,0.02220845867512987,0.00011968963957241104
all_906,mean_fcorr_signed,in_degree,distance+area,exploratory,0.12731951608041836,0.00012171106568777941,906,0.01621025917495191,0.0015648565588428781
all_906,mean_fcorr_signed,in_degree,distance+area+cell_type,exploratory,0.07756439477965654,0.019544953446456556,906,0.006016235337534411,0.06315018618541225
all_906,mean_fcorr_signed,in_degree,distance+area+layer,exploratory,0.0727499396649939,0.028550360354879477,906,0.005292553721260254,0.08565108106463844
all_906,mean_fcorr_signed,out_degree,raw,exploratory,0.10427152182842604,0.0016734409076567382,906,0.010872550264415928,0.01004064544594043
all_906,mean_fcorr_signed,out_degree,distance,exploratory,0.031838562790228855,0.33843851740705383,906,0.0010136940805473454,0.46771736333204333
all_906,mean_fcorr_signed,out_degree,distance+area,exploratory,0.030465142398874982,0.35969713002959647,906,0.0009281249013837301,0.47049500401109084
all_906,mean_fcorr_signed,out_degree,distance+area+cell_type,exploratory,0.020637533268364733,0.534997891443681,906,0.00042590777940286115,0.6124102324326774
all_906,mean_fcorr_signed,out_degree,distance+area+layer,exploratory,0.031201994617487135,0.34818959270274336,906,0.0009735644681096961,0.46771736333204333
all_906,mean_fcorr_signed,in_strength,raw,exploratory,0.16292462304904912,8.214076419429423e-07,906,0.026544432795674748,1.8481671943716202e-05
all_906,mean_fcorr_signed,in_strength,distance,exploratory,0.13259269503105892,6.24925384876049e-05,906,0.017580822775599397,0.0009373880773140735
all_906,mean_fcorr_signed,in_strength,distance+area,exploratory,0.11693022140985807,0.00042057296677322205,906,0.01367267667895843,0.0034410515463263623
all_906,mean_fcorr_signed,in_strength,distance+area+cell_type,exploratory,0.0644066323233132,0.05262750230410329,906,0.004148214287230453,0.11750440771845733
all_906,mean_fcorr_signed,in_strength,distance+area+layer,exploratory,0.05983970025948848,0.07181456563667757,906,0.003580789727145426,0.14362913127335514
all_906,mean_fcorr_signed,out_strength,raw,exploratory,0.12495774668436863,0.0001627227501685727,906,0.015614438456434837,0.001830630939396443
all_906,mean_fcorr_signed,out_strength,distance,exploratory,0.06653440955989648,0.04527089264387847,906,0.004426827655484044,0.11629441556122148
all_906,mean_fcorr_signed,out_strength,distance+area,exploratory,0.06646229628458362,0.04550524528951428,906,0.004417236827419778,0.11629441556122148
all_906,mean_fcorr_signed,out_strength,distance+area+cell_type,exploratory,0.05481472392971745,0.09917303187961798,906,0.003004653959491139,0.17851145738331237
all_906,mean_fcorr_signed,out_strength,distance+area+layer,exploratory,0.0645916898671799,0.051950361190822976,906,0.004172086399897951,0.11750440771845733
all_906,mean_fcorr_pos_clipped,total_degree,raw,exploratory,0.07969930196810576,0.016420099139610015,906,0.006351978734203307,0.05911235690259606
all_906,mean_fcorr_pos_clipped,total_degree,distance,exploratory,0.06615427621755056,0.046517766224488596,906,0.004376388261867975,0.11629441556122148
all_906,mean_fcorr_pos_clipped,total_degree,distance+area,exploratory,0.059903887628005796,0.07150978870415381,906,0.0035884757529487457,0.14362913127335514
all_906,mean_fcorr_pos_clipped,total_degree,distance+area+cell_type,exploratory,0.02849169971371696,0.3916740814739691,906,0.0008117769525766191,0.4830336268957126
all_906,mean_fcorr_pos_clipped,total_degree,distance+area+layer,exploratory,0.03007154746411533,0.3659405586752929,906,0.0009042979668865412,0.47049500401109084
all_906,mean_fcorr_pos_clipped,total_strength,raw,exploratory,0.08882763124984101,0.0074663371982623935,906,0.007890348073457731,0.03359851739218077
all_906,mean_fcorr_pos_clipped,total_strength,distance,exploratory,0.07652087558499375,0.021252757754098822,906,0.005855444400294093,0.0659568344092722
all_906,mean_fcorr_pos_clipped,total_strength,distance+area,exploratory,0.07168583774995067,0.030964458742393813,906,0.005138859333912253,0.08989681570372397
all_906,mean_fcorr_pos_clipped,total_strength,distance+area+cell_type,exploratory,0.042429540983387214,0.2019789952015386,906,0.0018002659480609352,0.3189142029497978
all_906,mean_fcorr_pos_clipped,total_strength,distance+area+layer,exploratory,0.04287155843374304,0.19731534621044158,906,0.001837970522537844,0.3171139492667811
all_906,mean_fcorr_pos_clipped,in_degree,raw,exploratory,0.06699670229356826,0.0437925454653324,906,0.004488558118213014,0.11629441556122148
all_906,mean_fcorr_pos_clipped,in_degree,distance,exploratory,0.05160479724369631,0.1206178007541978,906,0.002663055098563006,0.2087615782284193
all_906,mean_fcorr_pos_clipped,in_degree,distance+area,exploratory,0.045281308813332324,0.17326835327956908,906,0.0020503969278483675,0.2942292791539852
all_906,mean_fcorr_pos_clipped,in_degree,distance+area+cell_type,exploratory,0.009096617780842088,0.7845193642610147,906,8.274845505073245e-05,0.8506836479938712
all_906,mean_fcorr_pos_clipped,in_degree,distance+area+layer,exploratory,0.002061605485354291,0.9505880136627753,906,4.250217177242901e-06,0.9612687778612335
all_906,mean_fcorr_pos_clipped,out_degree,raw,exploratory,0.05872846276647424,0.07726145465836591,906,0.0034490323389131513,0.1511637156359333
all_906,mean_fcorr_pos_clipped,out_degree,distance,exploratory,0.03802628552047152,0.25286497524482565,906,0.001445998390484422,0.3792974628672385
all_906,mean_fcorr_pos_clipped,out_degree,distance+area,exploratory,0.03603807190704701,0.2785446684255519,906,0.001298742626777491,0.404339034811285
all_906,mean_fcorr_pos_clipped,out_degree,distance+area+cell_type,exploratory,0.0284844920283747,0.3917939418154114,906,0.0008113662861145418,0.4830336268957126
all_906,mean_fcorr_pos_clipped,out_degree,distance+area+layer,exploratory,0.038304215853854864,0.24941086965938583,906,0.0014672129521787064,0.3792974628672385
all_906,mean_fcorr_pos_clipped,in_strength,raw,exploratory,0.05318128472581554,0.10967181032805388,906,0.0028282490450882614,0.19353848881421273
all_906,mean_fcorr_pos_clipped,in_strength,distance,exploratory,0.04092603498683448,0.21844189450828108,906,0.0016749403397436002,0.3389615604438844
all_906,mean_fcorr_pos_clipped,in_strength,distance+area,exploratory,0.03635005101477266,0.2744020564068911,906,0.0013213262087765746,0.404339034811285
all_906,mean_fcorr_pos_clipped,in_strength,distance+area+cell_type,exploratory,0.0006569814011478485,0.9842446132385297,906,4.3162456145419026e-07,0.9842446132385297
all_906,mean_fcorr_pos_clipped,in_strength,distance+area+layer,exploratory,-0.006193078483949729,0.8523231598834761,906,3.835422110836107e-05,0.9089281712853003
all_906,mean_fcorr_pos_clipped,out_strength,raw,exploratory,0.07860066397241125,0.017968705549639197,906,0.006178064376903908,0.06219936536413568
all_906,mean_fcorr_pos_clipped,out_strength,distance,exploratory,0.06416310841819409,0.05352978573840834,906,0.004116904481884929,0.11750440771845733
all_906,mean_fcorr_pos_clipped,out_strength,distance+area,exploratory,0.06199289384769109,0.06215422747186101,906,0.003843118887611096,0.13318763029684502
all_906,mean_fcorr_pos_clipped,out_strength,distance+area+cell_type,exploratory,0.05654431365088397,0.08894565815388374,906,0.003197259406249543,0.17032147306062842
all_906,mean_fcorr_pos_clipped,out_strength,distance+area+layer,exploratory,0.06530894360799701,0.049394246888414005,906,0.0042652581151925335,0.11750440771845733
all_906,mean_fcorr_abs,total_degree,raw,exploratory,-0.05484859901962939,0.09896409172559562,906,0.0030083688144160905,0.17851145738331237
all_906,mean_fcorr_abs,total_degree,distance,exploratory,-0.03155901886439563,0.34269887038388924,906,0.0009959716716832793,0.46771736333204333
all_906,mean_fcorr_abs,total_degree,distance+area,exploratory,-0.020508225044421298,0.537560092913128,906,0.00042058729447262894,0.6124102324326774
all_906,mean_fcorr_abs,total_degree,distance+area+cell_type,exploratory,-0.02072000044865501,0.5333670473060836,906,0.00042931841859226386,0.6124102324326774
all_906,mean_fcorr_abs,total_degree,distance+area+layer,exploratory,-0.01911301110159696,0.5655911408907701,906,0.0003653071933697686,0.6362900335021163
all_906,mean_fcorr_abs,total_strength,raw,exploratory,-0.03562102065128989,0.28414852803781027,906,0.001268857112239621,0.40592646862544324
all_906,mean_fcorr_abs,total_strength,distance,exploratory,-0.011071786145514202,0.7392784354943145,906,0.00012258444845200022,0.8114031609083939
all_906,mean_fcorr_abs,total_strength,distance+area,exploratory,-0.003295273450912734,0.9210981598820499,906,1.0858827116290318e-05,0.9459754076576096
all_906,mean_fcorr_abs,total_strength,distance+area+cell_type,exploratory,0.005506735622152318,0.8685313636726203,906,3.0324137212281277e-05,0.9089281712853003
all_906,mean_fcorr_abs,total_strength,distance+area+layer,exploratory,0.005604417745994437,0.8662210353396235,906,3.140949827161736e-05,0.9089281712853003
all_906,mean_fcorr_abs,in_degree,raw,exploratory,-0.11158454949317463,0.0007666806730191304,906,0.012451111685594738,0.005750105047643478
all_906,mean_fcorr_abs,in_degree,distance,exploratory,-0.10142964336931262,0.002237980232262532,906,0.010287972554025944,0.012588638806476744
all_906,mean_fcorr_abs,in_degree,distance+area,exploratory,-0.08727283723194129,0.008581594352073623,906,0.007616548118512918,0.03677826150888695
all_906,mean_fcorr_abs,in_degree,distance+area+cell_type,exploratory,-0.08557220961087968,0.009969618732683911,906,0.007322603057688328,0.039011551562676175
all_906,mean_fcorr_abs,in_degree,distance+area+layer,exploratory,-0.08982703408220105,0.006819813832362195,906,0.00806889605200491,0.032304381311189345
all_906,mean_fcorr_abs,out_degree,raw,exploratory,-0.014034949988670787,0.673107337339155,906,0.00019697982118449013,0.74789704148795
all_906,mean_fcorr_abs,out_degree,distance,exploratory,0.023911567753289446,0.47223744171647547,906,0.0005717630724201517,0.5666849300597706
all_906,mean_fcorr_abs,out_degree,distance+area,exploratory,0.02323585125756872,0.4848495488844457,906,0.000539904783663858,0.5741639394684226
all_906,mean_fcorr_abs,out_degree,distance+area+cell_type,exploratory,0.027131917121557984,0.4146780908199601,906,0.0007361409266910913,0.5043382185648163
all_906,mean_fcorr_abs,out_degree,distance+area+layer,exploratory,0.03033860069512559,0.36169708184223387,906,0.0009204306921382749,0.47049500401109084
all_906,mean_fcorr_abs,in_strength,raw,exploratory,-0.10694888899075354,0.0012643534836369727,906,0.011438064856356523,0.008127986680523395
all_906,mean_fcorr_abs,in_strength,distance,exploratory,-0.09710424818504224,0.0034367878782621732,906,0.009429235015582278,0.017183939391310868
all_906,mean_fcorr_abs,in_strength,distance+area,exploratory,-0.08666267460314464,0.009058396034846754,906,0.0075104191693705314,0.03705707468800944
all_906,mean_fcorr_abs,in_strength,distance+area+cell_type,exploratory,-0.07750002583616816,0.019646724591017146,906,0.0060062540046067325,0.06315018618541225
all_906,mean_fcorr_abs,in_strength,distance+area+layer,exploratory,-0.08196833925922199,0.013587744709754733,906,0.006718808640914914,0.05095404266158025
all_906,mean_fcorr_abs,out_strength,raw,exploratory,-0.0031337598881555,0.9249537319318848,906,9.820451036612372e-06,0.9459754076576096
all_906,mean_fcorr_abs,out_strength,distance,exploratory,0.031415610516084394,0.3448976914954908,906,0.0009869405840983124,0.46771736333204333
all_906,mean_fcorr_abs,out_strength,distance+area,exploratory,0.02969296628554374,0.3720091161873944,906,0.0008816722468344371,0.4715608515051478
all_906,mean_fcorr_abs,out_strength,distance+area+cell_type,exploratory,0.04325754860819539,0.1933076122148915,906,0.0018712155115903869,0.3163215472607316
all_906,mean_fcorr_abs,out_strength,distance+area+layer,exploratory,0.04480831212328168,0.17780715247413686,906,0.002007784835337432,0.29634525412356144
