id_ref,created_ref,valid_ref,volume,pt_position_x,pt_position_y,pt_position_z,bb_start_position_x,bb_start_position_y,bb_start_position_z,bb_end_position_x,bb_end_position_y,bb_end_position_z,pt_supervoxel_id,pt_root_id,id,created,valid,target_id,classification_system,cell_type
399356,2020-09-28 22:41:12.527331+00:00,True,221.04868,229872,186368,23181,,,,,,,96351648124987952,864691136137334155,1,2024-02-01 19:24:57.054004+00:00,True,399356,nonneuron,OPC
70708,2020-09-28 22:40:46.662047+00:00,True,177.97841,96368,159600,18950,,,,,,,78052200688939393,864691136043452246,2,2024-02-01 19:24:57.054558+00:00,True,70708,nonneuron,OPC
565608,2020-09-28 22:42:46.597055+00:00,True,67.90169,311552,238112,18365,,,,,,,107617587189819663,864691135717889684,3,2024-02-01 19:24:57.055086+00:00,True,565608,nonneuron,microglia
302387,2020-09-28 22:42:58.818118+00:00,True,80.29962,181808,194880,17267,,,,,,,89808522342513116,864691135526444123,4,2024-02-01 19:24:57.055641+00:00,True,302387,nonneuron,microglia
135499,2020-09-28 22:40:58.686762+00:00,True,106.97491,114352,266016,15532,,,,,,,80529399916752128,864691135699652642,5,2024-02-01 19:24:57.056163+00:00,True,135499,nonneuron,oligo
400936,2020-09-28 22:40:58.768120+00:00,True,57.231606,243840,202464,19467,,,,,,,98324171515262305,864691135509036041,6,2024-02-01 19:24:57.056694+00:00,True,400936,nonneuron,pericyte
393905,2020-09-28 22:43:00.374356+00:00,True,81.36327,235920,146816,16642,,,,,,,97190780783092437,864691135396363553,7,2024-02-01 19:24:57.057195+00:00,True,393905,nonneuron,oligo
223057,2020-09-28 22:42:41.066621+00:00,True,62.75547,154864,113616,23897,,,,,,,86068053376667977,864691135463484229,8,2024-02-01 19:24:57.057718+00:00,True,223057,nonneuron,pericyte
528300,2020-09-28 22:42:50.612835+00:00,True,71.7688,296032,199344,15147,,,,,,,105501301781369632,864691136150449124,9,2024-02-01 19:24:57.058355+00:00,True,528300,nonneuron,pericyte
622270,2020-09-28 22:42:27.843520+00:00,True,50.917706,349264,215984,24616,,,,,,,112821920193385700,864691136928623071,10,2024-02-01 19:24:57.058879+00:00,True,622270,nonneuron,pericyte
228638,2020-09-28 22:42:39.127205+00:00,True,60.885567,159776,168464,23768,,,,,,,86708725058136534,864691135445570450,11,2024-02-01 19:24:57.059390+00:00,True,228638,nonneuron,pericyte
187683,2020-09-28 22:41:16.884296+00:00,True,48.623943,137232,109264,24384,,,,,,,83604597641691021,864691135753752781,12,2024-02-01 19:24:57.059901+00:00,True,187683,nonneuron,pericyte
344262,2020-09-28 22:41:14.181005+00:00,True,56.50678,206688,257952,22469,,,,,,,93194675229794951,864691136117330312,13,2024-02-01 19:24:57.060423+00:00,True,344262,nonneuron,pericyte
323683,2020-09-28 22:41:38.223155+00:00,True,81.66769,203584,104304,15620,,,,,,,92751846049079075,864691135696256410,14,2024-02-01 19:24:57.060925+00:00,True,323683,nonneuron,pericyte
204295,2020-09-28 22:42:15.314962+00:00,True,43.10188,142224,247312,15976,,,,,,,84326769548762589,864691135423542053,15,2024-02-01 19:24:57.061457+00:00,True,204295,nonneuron,oligo
656634,2020-09-28 22:42:45.367652+00:00,True,67.469315,369280,148096,18787,,,,,,,115557160720905353,864691135012854678,16,2024-02-01 19:24:57.061967+00:00,True,656634,nonneuron,microglia
533454,2020-09-28 22:42:39.274300+00:00,True,61.228153,308672,218448,26497,,,,,,,107192764458339326,864691136483195180,17,2024-02-01 19:24:57.062480+00:00,True,533454,nonneuron,microglia
174015,2020-09-28 22:41:55.915453+00:00,True,70.026855,127056,273424,17772,,,,,,,82289580862447531,864691136423033391,18,2024-02-01 19:24:57.062970+00:00,True,174015,nonneuron,oligo
331307,2020-09-28 22:42:47.441123+00:00,True,69.39492,198720,145072,26965,,,,,,,92123957666706180,864691135779796669,19,2024-02-01 19:24:57.063481+00:00,True,331307,nonneuron,microglia
727016,2020-09-28 22:42:46.783262+00:00,True,68.20315,378848,254416,23952,,,,,,,116838092438412489,864691135203742080,20,2024-02-01 19:24:57.063985+00:00,True,727016,nonneuron,microglia
530498,2020-09-28 22:42:07.803726+00:00,True,147.11899,297088,204592,18635,,,,,,,105642795653657441,864691135771605243,21,2024-02-01 19:24:57.064497+00:00,True,530498,nonneuron,OPC
306086,2020-09-28 22:40:42.400612+00:00,True,114.90132,195968,235472,16139,,,,,,,91713907139588434,864691135939154436,22,2024-02-01 19:24:57.065001+00:00,True,306086,nonneuron,oligo
84524,2020-09-28 22:42:48.700141+00:00,True,69.90807,91664,233552,19680,,,,,,,77358408919171057,864691135841079267,23,2024-02-01 19:24:57.065503+00:00,True,84524,nonneuron,oligo
136027,2020-09-28 22:41:40.777316+00:00,True,85.79252,113008,266048,18474,,,,,,,80318294086717226,864691135937520900,24,2024-02-01 19:24:57.066009+00:00,True,136027,nonneuron,oligo
298968,2020-09-28 22:43:37.350241+00:00,True,129.06349,193936,169024,21311,,,,,,,91423499302074882,864691135442754376,25,2024-02-01 19:24:57.066605+00:00,True,298968,nonneuron,oligo
536604,2020-09-28 22:44:38.332273+00:00,True,269.4991,304000,249664,22813,,,,,,,106563637178868702,864691135065008964,26,2024-02-01 19:24:57.067076+00:00,True,536604,nonneuron,OPC
174898,2020-09-28 22:42:43.134282+00:00,True,64.991234,121184,260640,22162,,,,,,,81443438549222768,864691135014833046,27,2024-02-01 19:24:57.067561+00:00,True,174898,nonneuron,oligo
312190,2020-09-28 22:43:14.071965+00:00,True,94.571724,180448,260096,26580,,,,,,,89606144691559987,864691135577262366,28,2024-02-01 19:24:57.068030+00:00,True,312190,nonneuron,oligo
123287,2020-09-28 22:43:06.172831+00:00,True,87.38325,106656,200992,17547,,,,,,,79465141648966491,864691134947847676,29,2024-02-01 19:24:57.068532+00:00,True,123287,nonneuron,oligo
129036,2020-09-28 22:43:51.391315+00:00,True,165.82164,104064,234736,15877,,,,,,,79117833212029031,864691135213063224,30,2024-02-01 19:24:57.069011+00:00,True,129036,nonneuron,OPC
155961,2020-09-28 22:41:34.503020+00:00,True,145.6359,120448,135056,27196,,,,,,,81356234204235767,864691136033812923,31,2024-02-01 19:24:57.069503+00:00,True,155961,nonneuron,microglia
703882,2020-09-28 22:43:46.919521+00:00,True,153.4935,387216,160224,26729,,,,,,,118021717108116629,864691135807244061,32,2024-02-01 19:24:57.069982+00:00,True,703882,nonneuron,oligo
336676,2020-09-28 22:41:39.008167+00:00,True,94.65217,197328,207664,16186,,,,,,,91921302520486927,864691135926299348,33,2024-02-01 19:24:57.070464+00:00,True,336676,nonneuron,oligo
584744,2020-09-28 22:41:06.496652+00:00,True,194.87294,336608,158112,15266,,,,,,,111054935013414810,864691135873641614,34,2024-02-01 19:24:57.070941+00:00,True,584744,nonneuron,OPC
345383,2020-09-28 22:41:59.709159+00:00,True,71.17652,201440,263712,17140,,,,,,,92491743030913448,864691135994535338,35,2024-02-01 19:24:57.071432+00:00,True,345383,nonneuron,oligo
450130,2020-09-28 22:43:31.378597+00:00,True,117.82226,265232,89184,18851,,,,,,,101194034168990631,864691135884262256,36,2024-02-01 19:24:57.071930+00:00,True,450130,nonneuron,microglia
722444,2020-09-28 22:41:46.146184+00:00,True,188.53134,388496,229648,25583,,,,,,,118171800244396198,864691135468690258,37,2024-02-01 19:24:57.072448+00:00,True,722444,nonneuron,oligo
551600,2020-09-28 22:42:38.779814+00:00,True,60.198093,317584,98912,17537,,,,,,,108443320354780057,864691136535481250,38,2024-02-01 19:24:57.072945+00:00,True,551600,nonneuron,pericyte
763244,2020-09-28 22:43:10.630148+00:00,True,91.25495,395088,217152,22302,,,,,,,119084875528825895,864691135926082574,39,2024-02-01 19:24:57.073443+00:00,True,763244,nonneuron,oligo
204576,2020-09-28 22:43:12.336785+00:00,True,92.915955,137504,256384,17407,,,,,,,83694687936427389,864691136125905702,40,2024-02-01 19:24:57.073933+00:00,True,204576,nonneuron,oligo
361517,2020-09-28 22:41:10.503486+00:00,True,269.3464,221840,141536,22002,,,,,,,95290138166904884,864691135867631638,41,2024-02-01 19:24:57.074448+00:00,True,361517,excitatory_neuron,4P
221307,2020-09-28 22:45:22.922463+00:00,True,404.35794,152816,104896,23709,,,,,,,85785410168660732,864691136107054297,42,2024-02-01 19:24:57.075045+00:00,True,221307,inhibitory_neuron,NGC
226043,2020-09-28 22:44:57.181447+00:00,True,299.69974,149040,147360,20446,,,,,,,85298532206585934,864691136175058182,43,2024-02-01 19:24:57.075542+00:00,True,226043,excitatory_neuron,4P
327523,2020-09-28 22:43:10.553765+00:00,True,268.62305,209824,142704,16499,,,,,,,93601425074075462,864691135658872706,44,2024-02-01 19:24:57.076024+00:00,True,327523,excitatory_neuron,4P
388878,2020-09-28 22:43:12.904668+00:00,True,299.85162,241920,107744,15621,,,,,,,98029982898773978,864691135751675528,45,2024-02-01 19:24:57.076521+00:00,True,388878,excitatory_neuron,4P
228976,2020-09-28 22:42:05.838583+00:00,True,294.53992,147984,160096,27187,,,,,,,85089144899998142,864691135800572258,46,2024-02-01 19:24:57.076994+00:00,True,228976,excitatory_neuron,4P
460522,2020-09-28 22:44:23.321501+00:00,True,247.73198,272896,171456,26111,,,,,,,102260630107037777,864691135975450691,47,2024-02-01 19:24:57.077482+00:00,True,460522,excitatory_neuron,5P-NP
262852,2020-09-28 22:43:56.428906+00:00,True,186.80217,165584,163584,22205,,,,,,,87552531311609518,864691135739695473,48,2024-02-01 19:24:57.077965+00:00,True,262852,inhibitory_neuron,BPC
523073,2020-09-28 22:43:35.746118+00:00,True,261.15408,310112,152352,27263,,,,,,,107395006012261370,864691135564721751,49,2024-02-01 19:24:57.078488+00:00,True,523073,excitatory_neuron,5P-IT
493669,2020-09-28 22:44:28.899345+00:00,True,255.93512,287872,162624,23771,,,,,,,104370523932508946,864691135355670991,50,2024-02-01 19:24:57.078975+00:00,True,493669,excitatory_neuron,5P-IT
395726,2020-09-28 22:41:40.314104+00:00,True,265.63986,243888,161280,15348,,,,,,,98318604634205343,864691136009459118,51,2024-02-01 19:24:57.079457+00:00,True,395726,excitatory_neuron,5P-IT
230954,2020-09-28 22:44:59.354643+00:00,True,304.80368,154752,177392,25055,,,,,,,86076643445586310,864691135417567674,52,2024-02-01 19:24:57.079933+00:00,True,230954,excitatory_neuron,5P-IT
525647,2020-09-28 22:43:47.323782+00:00,True,348.36267,310208,161600,25204,,,,,,,107396242694395168,864691135698238741,53,2024-02-01 19:24:57.080429+00:00,True,525647,excitatory_neuron,5P-IT
522609,2020-09-28 22:44:49.600196+00:00,True,286.79456,306272,157168,23396,,,,,,,106903042741686583,864691135118472413,54,2024-02-01 19:24:57.080928+00:00,True,522609,excitatory_neuron,5P-IT
330086,2020-09-28 22:41:40.486738+00:00,True,200.48068,205952,143984,19368,,,,,,,93108981639686411,864691135339729126,55,2024-02-01 19:24:57.081430+00:00,True,330086,excitatory_neuron,23P
559122,2020-09-28 22:45:11.537011+00:00,True,334.443,313872,164304,23864,,,,,,,107889167299924345,864691135920475056,56,2024-02-01 19:24:57.081923+00:00,True,559122,excitatory_neuron,5P-IT
462778,2020-09-28 22:45:21.062641+00:00,True,384.1019,270224,183568,26617,,,,,,,101910435720685371,864691136483725868,57,2024-02-01 19:24:57.082411+00:00,True,462778,excitatory_neuron,5P-IT
167483,2020-09-28 22:44:53.934675+00:00,True,295.19528,125008,214800,23698,,,,,,,82000272670545296,864691135970707301,58,2024-02-01 19:24:57.082914+00:00,True,167483,excitatory_neuron,6P-IT
616634,2020-09-28 22:44:50.105641+00:00,True,288.5763,347904,173696,23923,,,,,,,112605110110475966,864691135763127350,59,2024-02-01 19:24:57.083524+00:00,True,616634,inhibitory_neuron,MC
615507,2020-09-28 22:41:10.471867+00:00,True,258.19135,354256,176352,15257,,,,,,,113449946216605887,864691135387774337,60,2024-02-01 19:24:57.083999+00:00,True,615507,excitatory_neuron,5P-NP
589372,2020-09-28 22:45:19.612882+00:00,True,375.5095,330144,183632,24696,,,,,,,110143578587710590,864691136423686191,61,2024-02-01 19:24:57.084485+00:00,True,589372,excitatory_neuron,5P-ET
334247,2020-09-28 22:45:09.233628+00:00,True,325.84418,205056,181104,15166,,,,,,,92973260136177470,864691135696931738,62,2024-02-01 19:24:57.084960+00:00,True,334247,inhibitory_neuron,MC
587357,2020-09-28 22:45:13.193547+00:00,True,339.54184,339520,169936,18897,,,,,,,111478728496341654,864691135955817480,63,2024-02-01 19:24:57.085444+00:00,True,587357,excitatory_neuron,5P-ET
268295,2020-09-28 22:45:19.367537+00:00,True,371.6183,172784,210272,15877,,,,,,,88543946396949085,864691135917390950,64,2024-02-01 19:24:57.085925+00:00,True,268295,inhibitory_neuron,MC
527187,2020-09-28 22:41:36.884461+00:00,True,309.69907,309280,187888,20446,,,,,,,107259009228640833,864691135014165494,65,2024-02-01 19:24:57.086417+00:00,True,527187,excitatory_neuron,6P-IT
590200,2020-09-28 22:44:55.352981+00:00,True,296.80994,337328,195296,16879,,,,,,,111130320480829182,864691135946463780,66,2024-02-01 19:24:57.086895+00:00,True,590200,excitatory_neuron,6P-IT
302447,2020-09-28 22:44:42.476703+00:00,True,276.32385,190864,205568,17234,,,,,,,91006234102508123,864691136372610184,67,2024-02-01 19:24:57.087387+00:00,True,302447,excitatory_neuron,6P-IT
496859,2020-09-28 22:44:34.752978+00:00,True,264.7828,290160,199648,19961,,,,,,,104656946174942201,864691135759748174,68,2024-02-01 19:24:57.087876+00:00,True,496859,excitatory_neuron,6P-IT
496346,2020-09-28 22:44:20.984393+00:00,True,243.53227,278480,203664,16756,,,,,,,103039014411943231,864691135976330307,69,2024-02-01 19:24:57.088360+00:00,True,496346,excitatory_neuron,6P-CT
338960,2020-09-28 22:44:19.094140+00:00,True,240.36688,201392,211552,15748,,,,,,,92484733443217533,864691136144659764,70,2024-02-01 19:24:57.088843+00:00,True,338960,excitatory_neuron,6P-IT
264263,2020-09-28 22:41:38.640165+00:00,True,241.70775,174560,179056,18591,,,,,,,88750861077160892,864691136267588340,71,2024-02-01 19:24:57.089342+00:00,True,264263,excitatory_neuron,4P
668133,2020-09-28 22:42:07.249663+00:00,True,240.58397,363440,192768,19480,,,,,,,114718783238629323,864691135065011780,72,2024-02-01 19:24:57.089825+00:00,True,668133,excitatory_neuron,5P-ET
496163,2020-09-28 22:43:18.052368+00:00,True,276.34598,290272,203408,15616,,,,,,,104657426674196242,864691135724218539,73,2024-02-01 19:24:57.090313+00:00,True,496163,excitatory_neuron,6P-IT
400733,2020-09-28 22:42:03.596889+00:00,True,241.83325,237136,196976,18607,,,,,,,97408621792708139,864691137197169473,74,2024-02-01 19:24:57.090801+00:00,True,400733,inhibitory_neuron,MC
398278,2020-09-28 22:44:15.260718+00:00,True,233.50395,237408,181648,17325,,,,,,,97406560007405838,864691135848557918,75,2024-02-01 19:24:57.091324+00:00,True,398278,excitatory_neuron,5P-NP
593391,2020-09-28 22:45:25.240604+00:00,True,487.02127,338592,218000,25036,,,,,,,111344451444068069,864691135640087611,76,2024-02-01 19:24:57.092499+00:00,True,593391,inhibitory_neuron,MC
496333,2020-09-28 22:41:28.685163+00:00,True,399.7049,294752,205248,16091,,,,,,,105291020316745076,864691135013369590,77,2024-02-01 19:24:57.092994+00:00,True,496333,inhibitory_neuron,MC
363551,2020-09-28 22:44:28.636073+00:00,True,255.1033,226752,151088,21625,,,,,,,95924693814667999,864691135992695176,78,2024-02-01 19:24:57.093480+00:00,True,363551,excitatory_neuron,4P
423001,2020-09-28 22:44:09.294851+00:00,True,221.15974,246560,139792,15174,,,,,,,98667562136883359,864691135865548933,79,2024-02-01 19:24:57.093955+00:00,True,423001,excitatory_neuron,4P
533434,2020-09-28 22:44:25.093302+00:00,True,250.37848,303968,212768,26812,,,,,,,106558689913356878,864691135105350733,80,2024-02-01 19:24:57.094439+00:00,True,533434,excitatory_neuron,6P-IT
201386,2020-09-28 22:44:43.806409+00:00,True,277.25906,132832,221552,21865,,,,,,,83056696918200454,864691135779073469,81,2024-02-01 19:24:57.094919+00:00,True,201386,excitatory_neuron,6P-IT
566200,2020-09-28 22:43:23.757880+00:00,True,356.188,316384,237696,22529,,,,,,,108250837704880382,864691136144673588,82,2024-02-01 19:24:57.095404+00:00,True,566200,excitatory_neuron,6P-IT
463704,2020-09-28 22:43:04.119774+00:00,True,408.8665,264096,208464,20045,,,,,,,101069308519642600,864691136419556247,83,2024-02-01 19:24:57.095887+00:00,True,463704,excitatory_neuron,6P-IT
339363,2020-09-28 22:45:15.447723+00:00,True,348.3602,207648,212240,18037,,,,,,,93329296147542493,864691135392391922,84,2024-02-01 19:24:57.096372+00:00,True,339363,inhibitory_neuron,BC
566847,2020-09-28 22:41:02.750959+00:00,True,339.9475,315488,241728,26546,,,,,,,108181019253297645,864691136000768458,85,2024-02-01 19:24:57.096846+00:00,True,566847,inhibitory_neuron,BC
558962,2020-09-28 22:45:23.448135+00:00,True,423.44858,314416,166464,22339,,,,,,,108030179464859330,864691135919641520,86,2024-02-01 19:24:57.097354+00:00,True,558962,excitatory_neuron,5P-IT
306375,2020-09-28 22:44:59.678578+00:00,True,306.1814,185824,227824,18073,,,,,,,90305501732243268,864691136674478983,87,2024-02-01 19:24:57.097850+00:00,True,306375,excitatory_neuron,6P-CT
371011,2020-09-28 22:45:19.292703+00:00,True,370.39932,217376,212720,15353,,,,,,,94666370604103580,864691136175501062,88,2024-02-01 19:24:57.098360+00:00,True,371011,inhibitory_neuron,MC
302380,2020-09-28 22:44:59.177698+00:00,True,304.03232,181232,204368,17459,,,,,,,89669021871485328,864691135720049201,89,2024-02-01 19:24:57.098857+00:00,True,302380,inhibitory_neuron,BC
372466,2020-09-28 22:45:21.396551+00:00,True,391.91217,221552,212064,24280,,,,,,,95229184326261652,864691135947700321,90,2024-02-01 19:24:57.099369+00:00,True,372466,excitatory_neuron,5P-IT
522933,2020-09-28 22:41:08.583599+00:00,True,274.8493,298304,156144,27209,,,,,,,105777005932437049,864691136741192284,91,2024-02-01 19:24:57.099871+00:00,True,522933,excitatory_neuron,5P-IT
233039,2020-09-28 22:45:23.218047+00:00,True,414.92743,155888,193856,24591,,,,,,,86219579956703665,864691135279936161,92,2024-02-01 19:24:57.100371+00:00,True,233039,excitatory_neuron,5P-IT
593871,2020-09-28 22:41:24.588338+00:00,True,317.6566,337760,225536,16467,,,,,,,111204743673688714,864691135013951222,93,2024-02-01 19:24:57.100862+00:00,True,593871,inhibitory_neuron,BC
559505,2020-09-28 22:41:06.453944+00:00,True,447.73523,325424,163680,26816,,,,,,,109507580098999387,864691135684539319,94,2024-02-01 19:24:57.101474+00:00,True,559505,excitatory_neuron,5P-IT
269407,2020-09-28 22:45:13.756473+00:00,True,344.21506,175200,222848,21194,,,,,,,88897440056622328,864691135369189881,95,2024-02-01 19:24:57.101957+00:00,True,269407,inhibitory_neuron,BC
309798,2020-09-28 22:44:32.978416+00:00,True,262.46136,182576,248768,26806,,,,,,,89886107906615496,864691135294408716,96,2024-02-01 19:24:57.102451+00:00,True,309798,excitatory_neuron,6P-CT
660840,2020-09-28 22:43:31.611295+00:00,True,381.6258,361152,170144,19460,,,,,,,114434215885422973,864691135655070402,97,2024-02-01 19:24:57.102952+00:00,True,660840,excitatory_neuron,5P-IT
666449,2020-09-28 22:40:56.933960+00:00,True,384.658,368752,192672,24892,,,,,,,115492771376537215,864691136090066999,98,2024-02-01 19:24:57.103458+00:00,True,666449,excitatory_neuron,5P-IT
435670,2020-09-28 22:44:57.444698+00:00,True,300.6941,252384,239232,18469,,,,,,,99454950370795638,864691135367601913,99,2024-02-01 19:24:57.103954+00:00,True,435670,inhibitory_neuron,MC
160388,2020-09-28 22:41:10.379890+00:00,True,241.42413,119728,170784,27206,,,,,,,81220307079269633,864691135986916867,100,2024-02-01 19:24:57.104466+00:00,True,160388,excitatory_neuron,4P
339652,2020-09-28 22:44:55.281008+00:00,True,296.51517,203536,210112,19731,,,,,,,92766002798207799,864691135182837250,101,2024-02-01 19:24:57.104960+00:00,True,339652,excitatory_neuron,6P-IT
84632,2020-09-28 22:42:54.346057+00:00,True,260.66238,88336,232112,20934,,,,,,,76935990430173388,864691136811817843,102,2024-02-01 19:24:57.105468+00:00,True,84632,excitatory_neuron,6P-CT
167072,2020-09-28 22:41:02.927723+00:00,True,289.1335,129936,224928,20256,,,,,,,82634896568592579,864691136672845191,103,2024-02-01 19:24:57.105980+00:00,True,167072,inhibitory_neuron,MC
131950,2020-09-28 22:44:04.839831+00:00,True,214.77655,103824,246112,15439,,,,,,,79048976229360684,864691136618478989,104,2024-02-01 19:24:57.106481+00:00,True,131950,excitatory_neuron,6P-IT
205850,2020-09-28 22:41:40.555061+00:00,True,249.29321,133552,245616,26292,,,,,,,83130296081563713,864691135838178963,105,2024-02-01 19:24:57.106969+00:00,True,205850,inhibitory_neuron,MC
127316,2020-09-28 22:43:24.365961+00:00,True,319.42657,112080,220992,23300,,,,,,,80171509888631018,864691135013738486,106,2024-02-01 19:24:57.107467+00:00,True,127316,excitatory_neuron,6P-CT
81124,2020-09-28 22:44:59.158575+00:00,True,303.97546,92736,221808,15902,,,,,,,77567934133786026,864691135341897157,107,2024-02-01 19:24:57.107945+00:00,True,81124,excitatory_neuron,6P-CT
499228,2020-09-28 22:44:49.483179+00:00,True,286.42114,286704,219728,21344,,,,,,,104167045226499040,864691135772665931,108,2024-02-01 19:24:57.108431+00:00,True,499228,excitatory_neuron,6P-IT
206457,2020-09-28 22:44:51.417573+00:00,True,289.69092,132192,260752,16922,,,,,,,82991550249893827,864691135463007550,109,2024-02-01 19:24:57.108911+00:00,True,206457,excitatory_neuron,6P-IT
590927,2020-09-28 22:44:22.784248+00:00,True,246.00314,331536,194720,22998,,,,,,,110356127661225970,864691135510643408,110,2024-02-01 19:24:57.109400+00:00,True,590927,excitatory_neuron,6P-IT
531206,2020-09-28 22:42:56.090908+00:00,True,254.2202,302208,208288,23794,,,,,,,106346964802925311,864691135502808157,111,2024-02-01 19:24:57.110028+00:00,True,531206,excitatory_neuron,6P-CT
234956,2020-09-28 22:44:07.244063+00:00,True,219.17056,153216,222064,24589,,,,,,,85871515807028398,864691135517442003,112,2024-02-01 19:24:57.110536+00:00,True,234956,excitatory_neuron,6P-CT
498339,2020-09-28 22:45:08.096888+00:00,True,324.91766,287264,218880,15859,,,,,,,104237344513127081,864691135974798703,113,2024-02-01 19:24:57.111025+00:00,True,498339,inhibitory_neuron,MC
669051,2020-09-28 22:44:18.958690+00:00,True,239.87912,363696,201840,21625,,,,,,,114790320482432940,864691135873824142,114,2024-02-01 19:24:57.111536+00:00,True,669051,excitatory_neuron,6P-IT
304446,2020-09-28 22:44:06.435166+00:00,True,216.96086,183488,222672,18455,,,,,,,90023339627712413,864691135662430960,115,2024-02-01 19:24:57.112018+00:00,True,304446,inhibitory_neuron,BC
403099,2020-09-28 22:44:53.477032+00:00,True,293.54477,231216,211456,17646,,,,,,,96566120873776399,864691134918396682,116,2024-02-01 19:24:57.112522+00:00,True,403099,excitatory_neuron,6P-IT
531469,2020-09-28 22:44:36.135333+00:00,True,266.03323,306192,197088,25963,,,,,,,106838034452280122,864691136662198238,117,2024-02-01 19:24:57.113024+00:00,True,531469,excitatory_neuron,6P-IT
272600,2020-09-28 22:44:47.749317+00:00,True,283.6534,176432,255040,15302,,,,,,,89042506066851985,864691135940063910,118,2024-02-01 19:24:57.113534+00:00,True,272600,excitatory_neuron,6P-IT
764486,2020-09-28 22:41:05.225306+00:00,True,267.59055,395008,216832,25456,,,,,,,119084875931637832,864691136123746854,119,2024-02-01 19:24:57.114044+00:00,True,764486,excitatory_neuron,6P-IT
87862,2020-09-28 22:44:38.543167+00:00,True,270.08417,89216,244288,21447,,,,,,,77078377253067841,864691135105354829,120,2024-02-01 19:24:57.114590+00:00,True,87862,excitatory_neuron,6P-CT
406678,2020-09-28 22:43:02.164885+00:00,True,286.7105,234128,251776,15559,,,,,,,96993761908972028,864691135610492167,121,2024-02-01 19:24:57.115066+00:00,True,406678,excitatory_neuron,6P-IT
533689,2020-09-28 22:45:12.021522+00:00,True,337.86084,305712,235024,16113,,,,,,,106843118418345895,864691135162226989,122,2024-02-01 19:24:57.115556+00:00,True,533689,inhibitory_neuron,MC
767211,2020-09-28 22:44:41.658674+00:00,True,273.87018,400432,227424,26737,,,,,,,119860306708152149,864691135864976382,123,2024-02-01 19:24:57.116048+00:00,True,767211,excitatory_neuron,6P-CT
406856,2020-09-28 22:44:57.614440+00:00,True,301.5015,234160,244736,15807,,,,,,,96992799836493979,864691136020238840,124,2024-02-01 19:24:57.116563+00:00,True,406856,excitatory_neuron,6P-IT
536119,2020-09-28 22:44:30.760555+00:00,True,258.5472,296912,253808,19924,,,,,,,105579024113727031,864691136227896145,125,2024-02-01 19:24:57.117041+00:00,True,536119,excitatory_neuron,6P-IT
270055,2020-09-28 22:45:01.630997+00:00,True,310.66504,168816,218000,26685,,,,,,,87982028645048310,864691136522529937,126,2024-02-01 19:24:57.117538+00:00,True,270055,excitatory_neuron,6P-CT
438066,2020-09-28 22:43:24.325977+00:00,True,267.49747,260784,250944,19910,,,,,,,100652799704366500,864691136973707804,127,2024-02-01 19:24:57.118030+00:00,True,438066,excitatory_neuron,6P-IT
438107,2020-09-28 22:44:40.349694+00:00,True,272.6776,251216,254704,20423,,,,,,,99316343387891519,864691135345233055,128,2024-02-01 19:24:57.118600+00:00,True,438107,inhibitory_neuron,MC
170843,2020-09-28 22:42:09.879851+00:00,True,227.1214,130560,253520,15230,,,,,,,82709112932435639,864691135489456698,129,2024-02-01 19:24:57.119249+00:00,True,170843,nonneuron,oligo
83565,2020-09-28 22:42:52.426471+00:00,True,268.46887,88640,226128,16321,,,,,,,77005602656112748,864691135511717328,130,2024-02-01 19:24:57.119760+00:00,True,83565,excitatory_neuron,6P-CT
240054,2020-09-28 22:44:53.233985+00:00,True,292.64822,149776,263296,17356,,,,,,,85384431149698236,864691136089437751,131,2024-02-01 19:24:57.120262+00:00,True,240054,excitatory_neuron,6P-IT
133507,2020-09-28 22:44:09.802328+00:00,True,223.4468,106592,245728,22010,,,,,,,79471120780729373,864691135234211673,132,2024-02-01 19:24:57.120745+00:00,True,133507,excitatory_neuron,6P-IT
308374,2020-09-28 22:40:46.757452+00:00,True,291.78445,181136,257456,18315,,,,,,,89676168764604057,864691136419304855,133,2024-02-01 19:24:57.121247+00:00,True,308374,excitatory_neuron,6P-IT
306351,2020-09-28 22:44:26.664783+00:00,True,252.2425,181312,228464,18268,,,,,,,89742620498508067,864691136827511918,134,2024-02-01 19:24:57.121845+00:00,True,306351,excitatory_neuron,6P-CT
534804,2020-09-28 22:41:02.455564+00:00,True,219.15714,309152,231520,24062,,,,,,,107264850853995016,864691136423681327,135,2024-02-01 19:24:57.122359+00:00,True,534804,excitatory_neuron,6P-CT
341006,2020-09-28 22:41:57.673539+00:00,True,256.695,207680,232016,16288,,,,,,,93331907219538363,864691136329744874,136,2024-02-01 19:24:57.122851+00:00,True,341006,excitatory_neuron,6P-CT
344595,2020-09-28 22:44:55.693993+00:00,True,298.03528,206752,252672,24637,,,,,,,93193988370177399,864691136197019212,137,2024-02-01 19:24:57.123346+00:00,True,344595,excitatory_neuron,6P-CT
563776,2020-09-28 22:41:22.335348+00:00,True,239.12514,324832,222976,17207,,,,,,,109445181539250562,864691135341161649,138,2024-02-01 19:24:57.123837+00:00,True,563776,excitatory_neuron,6P-CT
239234,2020-09-28 22:41:32.062428+00:00,True,299.14316,159632,251600,25479,,,,,,,86719926534386555,864691135748596521,139,2024-02-01 19:24:57.124334+00:00,True,239234,excitatory_neuron,6P-CT
435460,2020-09-28 22:41:23.923479+00:00,True,273.68015,261856,235504,16876,,,,,,,100791475205899789,864691135810327244,140,2024-02-01 19:24:57.124836+00:00,True,435460,excitatory_neuron,6P-CT
672908,2020-09-28 22:42:23.149840+00:00,True,285.7717,366608,224880,22695,,,,,,,115145256714091290,864691136066273688,141,2024-02-01 19:24:57.125322+00:00,True,672908,excitatory_neuron,6P-CT
722602,2020-09-28 22:41:02.656255+00:00,True,257.2791,392512,238336,26391,,,,,,,118735918562917899,864691136674099847,142,2024-02-01 19:24:57.125802+00:00,True,722602,excitatory_neuron,6P-CT
593066,2020-09-28 22:43:17.935161+00:00,True,263.17407,334400,224592,22825,,,,,,,110782394575217763,864691135498745363,143,2024-02-01 19:24:57.126300+00:00,True,593066,excitatory_neuron,6P-CT
307385,2020-09-28 22:43:20.612610+00:00,True,324.25198,186672,228864,25606,,,,,,,90446377665974567,864691135586433148,144,2024-02-01 19:24:57.126793+00:00,True,307385,excitatory_neuron,6P-CT
271931,2020-09-28 22:45:09.594690+00:00,True,328.2182,166576,239552,24295,,,,,,,87703439550996968,864691136487895314,145,2024-02-01 19:24:57.127284+00:00,True,271931,excitatory_neuron,6P-CT
308966,2020-09-28 22:41:19.053280+00:00,True,271.90314,187712,253376,21640,,,,,,,90590413152525941,864691135992821441,146,2024-02-01 19:24:57.127892+00:00,True,308966,excitatory_neuron,6P-CT
501207,2020-09-28 22:42:56.285756+00:00,True,258.2264,283680,227360,23298,,,,,,,103745863821916702,864691136907634542,147,2024-02-01 19:24:57.128380+00:00,True,501207,excitatory_neuron,6P-CT
592544,2020-09-28 22:44:32.731449+00:00,True,261.65198,339104,217376,19225,,,,,,,111414750730378255,864691136267143412,148,2024-02-01 19:24:57.128863+00:00,True,592544,excitatory_neuron,6P-CT
340762,2020-09-28 22:44:27.208390+00:00,True,253.88597,200256,231600,15326,,,,,,,92346675947430584,864691136237524540,149,2024-02-01 19:24:57.129350+00:00,True,340762,excitatory_neuron,6P-CT
671092,2020-09-28 22:41:18.977676+00:00,True,239.96841,373312,225312,17818,,,,,,,116130487181206258,864691136991207829,150,2024-02-01 19:24:57.129857+00:00,True,671092,excitatory_neuron,6P-CT
436609,2020-09-28 22:43:39.726257+00:00,True,308.11652,248320,234048,25566,,,,,,,98891314095549388,864691136330154218,151,2024-02-01 19:24:57.130356+00:00,True,436609,excitatory_neuron,6P-CT
405215,2020-09-28 22:44:34.020436+00:00,True,262.60422,238224,228560,17423,,,,,,,97553619754220151,864691135777919933,152,2024-02-01 19:24:57.130841+00:00,True,405215,excitatory_neuron,6P-CT
408084,2020-09-28 22:41:59.811890+00:00,True,220.52045,240912,243472,22560,,,,,,,97907457011030713,864691135617150313,153,2024-02-01 19:24:57.131347+00:00,True,408084,excitatory_neuron,6P-CT
340459,2020-09-28 22:41:42.795086+00:00,True,274.39578,199568,219392,26257,,,,,,,92204359387136821,864691136974340636,154,2024-02-01 19:24:57.131831+00:00,True,340459,excitatory_neuron,6P-CT
590355,2020-09-28 22:44:30.947907+00:00,True,259.11804,329984,203888,18081,,,,,,,110146257774936665,864691135661349104,155,2024-02-01 19:24:57.132311+00:00,True,590355,inhibitory_neuron,MC
500133,2020-09-28 22:44:45.542997+00:00,True,279.6721,282144,227040,15969,,,,,,,103534756649638979,864691136099837301,156,2024-02-01 19:24:57.132789+00:00,True,500133,excitatory_neuron,6P-CT
308191,2020-09-28 22:44:15.561657+00:00,True,234.71571,194064,244880,16584,,,,,,,91433669180535654,864691135938779957,157,2024-02-01 19:24:57.133305+00:00,True,308191,excitatory_neuron,6P-CT
498363,2020-09-28 22:45:06.146598+00:00,True,319.7064,292144,215600,15928,,,,,,,104940550985187705,864691136124045350,158,2024-02-01 19:24:57.133810+00:00,True,498363,excitatory_neuron,6P-CT
375476,2020-09-28 22:41:08.916978+00:00,True,288.09494,226448,243776,17792,,,,,,,95937131503324529,864691135808632861,159,2024-02-01 19:24:57.134349+00:00,True,375476,excitatory_neuron,6P-CT
341403,2020-09-28 22:42:41.485222+00:00,True,267.08313,211456,226944,17700,,,,,,,93823801435207418,864691135725125035,160,2024-02-01 19:24:57.134925+00:00,True,341403,excitatory_neuron,6P-CT
565652,2020-09-28 22:44:04.742997+00:00,True,214.22227,319344,227008,17999,,,,,,,108671606523559996,864691135575563806,161,2024-02-01 19:24:57.135455+00:00,True,565652,excitatory_neuron,6P-CT
371184,2020-09-28 22:44:51.610281+00:00,True,290.51175,213632,211680,16239,,,,,,,94173652090012610,864691135462770494,162,2024-02-01 19:24:57.135956+00:00,True,371184,excitatory_neuron,6P-IT
376335,2020-09-28 22:41:58.066912+00:00,True,216.34499,228768,252160,21984,,,,,,,96219775248186290,864691136741774172,163,2024-02-01 19:24:57.136586+00:00,True,376335,excitatory_neuron,6P-IT
373686,2020-09-28 22:42:07.958203+00:00,True,223.4322,227696,235744,18900,,,,,,,96076838333873440,864691136119672856,164,2024-02-01 19:24:57.137097+00:00,True,373686,excitatory_neuron,6P-IT
624401,2020-09-28 22:41:05.109330+00:00,True,279.2494,349152,229936,25697,,,,,,,112753407009388403,864691136109620920,165,2024-02-01 19:24:57.137625+00:00,True,624401,excitatory_neuron,6P-IT
166467,2020-09-28 22:44:27.186977+00:00,True,253.7916,120000,221184,16471,,,,,,,81297408922879388,864691135445917074,166,2024-02-01 19:24:57.138105+00:00,True,166467,excitatory_neuron,6P-IT
502054,2020-09-28 22:44:22.695056+00:00,True,245.93498,286576,242016,15910,,,,,,,104170068211996792,864691134988953210,167,2024-02-01 19:24:57.138629+00:00,True,502054,excitatory_neuron,6P-IT
374309,2020-09-28 22:42:33.248230+00:00,True,296.98737,227728,239088,22921,,,,,,,96077251187522217,864691135359549784,168,2024-02-01 19:24:57.139113+00:00,True,374309,excitatory_neuron,6P-IT
341628,2020-09-28 22:42:37.244894+00:00,True,240.04985,199040,239088,19467,,,,,,,92136601110489465,864691136118875672,169,2024-02-01 19:24:57.139612+00:00,True,341628,excitatory_neuron,6P-IT
594622,2020-09-28 22:44:28.967206+00:00,True,256.1319,339296,233728,21282,,,,,,,111416950022062184,864691136391620991,170,2024-02-01 19:24:57.140084+00:00,True,594622,excitatory_neuron,6P-IT
671239,2020-09-28 22:43:22.226118+00:00,True,236.49649,364272,222544,19437,,,,,,,114863506390036153,864691135455274602,171,2024-02-01 19:24:57.140574+00:00,True,671239,excitatory_neuron,6P-IT
374098,2020-09-28 22:41:31.802533+00:00,True,340.03452,225632,240016,21754,,,,,,,95795913515392230,864691135694129855,172,2024-02-01 19:24:57.141048+00:00,True,374098,excitatory_neuron,6P-IT
620168,2020-09-28 22:41:24.042207+00:00,True,238.19272,350016,208624,24814,,,,,,,112891326865130113,864691137054408310,173,2024-02-01 19:24:57.141538+00:00,True,620168,excitatory_neuron,6P-IT
405919,2020-09-28 22:41:03.183211+00:00,True,261.29562,242176,228560,21858,,,,,,,98046201500710582,864691136595330978,174,2024-02-01 19:24:57.142013+00:00,True,405919,excitatory_neuron,6P-IT
171179,2020-09-28 22:41:31.789889+00:00,True,252.3929,130816,249136,16527,,,,,,,82778932121885526,864691135927140820,175,2024-02-01 19:24:57.142525+00:00,True,171179,excitatory_neuron,6P-IT
207736,2020-09-28 22:43:54.032387+00:00,True,174.29823,135872,259344,22075,,,,,,,83483994691298349,864691135273568017,176,2024-02-01 19:24:57.143001+00:00,True,207736,excitatory_neuron,6P-IT
238861,2020-09-28 22:44:15.974135+00:00,True,236.28333,151472,249568,22626,,,,,,,85593751413753141,864691135195639338,177,2024-02-01 19:24:57.143486+00:00,True,238861,excitatory_neuron,6P-IT
502943,2020-09-28 22:44:55.829802+00:00,True,298.55334,285760,246816,21520,,,,,,,104100318681283812,864691135233445721,178,2024-02-01 19:24:57.143972+00:00,True,502943,excitatory_neuron,6P-IT
536613,2020-09-28 22:44:36.887571+00:00,True,268.09714,305440,245584,22946,,,,,,,106774193655812146,864691135105144653,179,2024-02-01 19:24:57.144467+00:00,True,536613,excitatory_neuron,6P-IT
768444,2020-09-28 22:44:41.865323+00:00,True,274.42038,405184,243728,23820,,,,,,,120495824026530179,864691136811779955,180,2024-02-01 19:24:57.145068+00:00,True,768444,excitatory_neuron,6P-IT
201307,2020-09-28 22:45:05.944337+00:00,True,318.6021,134464,222864,21097,,,,,,,83267940522280340,864691135384013291,181,2024-02-01 19:24:57.145573+00:00,True,201307,excitatory_neuron,6P-IT
274075,2020-09-28 22:45:13.464987+00:00,True,341.84756,165120,247712,24242,,,,,,,87493432830053779,864691135851110087,182,2024-02-01 19:24:57.146056+00:00,True,274075,excitatory_neuron,6P-IT
276686,2020-09-28 22:40:57.452676+00:00,True,369.65237,174816,267296,25442,,,,,,,88833050444010844,864691137020652654,183,2024-02-01 19:24:57.146544+00:00,True,276686,excitatory_neuron,6P-IT
206682,2020-09-28 22:44:27.114128+00:00,True,253.58696,137264,259952,17312,,,,,,,83695168972655077,864691136380105685,184,2024-02-01 19:24:57.147024+00:00,True,206682,excitatory_neuron,6P-IT
536175,2020-09-28 22:44:57.821710+00:00,True,302.32083,304256,243152,19946,,,,,,,106633112167392990,864691135941994356,185,2024-02-01 19:24:57.147522+00:00,True,536175,excitatory_neuron,6P-IT
238789,2020-09-28 22:40:56.850246+00:00,True,253.79079,159376,256480,21919,,,,,,,86720544539899043,864691135947854945,186,2024-02-01 19:24:57.147998+00:00,True,238789,excitatory_neuron,6P-IT
672900,2020-09-28 22:43:51.281733+00:00,True,165.07028,363728,217040,23110,,,,,,,114792382268043039,864691135591417355,187,2024-02-01 19:24:57.148538+00:00,True,672900,inhibitory_neuron,BPC
519519,2020-09-28 22:43:57.953566+00:00,True,192.71959,305280,136320,15840,,,,,,,106759486748343232,864691136135833483,188,2024-02-01 19:24:57.149021+00:00,True,519519,inhibitory_neuron,BPC
421864,2020-09-28 22:44:30.536400+00:00,True,257.87613,257904,112976,18404,,,,,,,100212101498898157,864691136085458796,189,2024-02-01 19:24:57.149538+00:00,True,421864,inhibitory_neuron,MC
717511,2020-09-28 22:40:53.535002+00:00,True,288.82993,390432,223584,26836,,,,,,,118452450788398702,864691135114304409,190,2024-02-01 19:24:57.150019+00:00,True,717511,inhibitory_neuron,MC
707531,2020-09-28 22:44:26.890956+00:00,True,252.87918,378208,181344,26907,,,,,,,116757897211608243,864691135368249081,191,2024-02-01 19:24:57.150530+00:00,True,707531,inhibitory_neuron,MC
79108,2020-09-28 22:44:10.116738+00:00,True,224.91513,87248,201520,17280,,,,,,,76791198022856861,864691136275253005,192,2024-02-01 19:24:57.151003+00:00,True,79108,excitatory_neuron,5P-NP
518346,2020-09-28 22:41:42.444425+00:00,True,263.3592,306304,123808,20127,,,,,,,106898575572837644,864691135303979431,193,2024-02-01 19:24:57.151496+00:00,True,518346,inhibitory_neuron,BPC
518033,2020-09-28 22:42:48.678088+00:00,True,203.02315,304768,111664,17868,,,,,,,106685819737668113,864691136380498645,194,2024-02-01 19:24:57.151994+00:00,True,518033,inhibitory_neuron,BPC
553975,2020-09-28 22:44:19.401512+00:00,True,241.2272,324848,112256,25969,,,,,,,109430270553739070,864691135989688064,195,2024-02-01 19:24:57.152482+00:00,True,553975,inhibitory_neuron,BPC
552286,2020-09-28 22:41:17.020989+00:00,True,247.25815,315520,102816,25476,,,,,,,108162396140819635,864691135719762737,196,2024-02-01 19:24:57.152967+00:00,True,552286,inhibitory_neuron,BPC
360680,2020-09-28 22:43:58.030687+00:00,True,193.53731,214368,130960,16758,,,,,,,94233163223974140,864691135726076843,197,2024-02-01 19:24:57.153581+00:00,True,360680,inhibitory_neuron,BPC
276348,2020-09-28 22:41:48.265655+00:00,True,223.19858,168752,262064,23967,,,,,,,87987938117770308,864691135942429044,198,2024-02-01 19:24:57.154052+00:00,True,276348,inhibitory_neuron,MC
593382,2020-09-28 22:43:14.172211+00:00,True,262.3765,337568,224224,25050,,,,,,,111204538589412564,864691135645745135,199,2024-02-01 19:24:57.154543+00:00,True,593382,inhibitory_neuron,BC
255247,2020-09-28 22:43:00.744613+00:00,True,204.41547,168480,104288,23260,,,,,,,87896403707466308,864691135875763086,200,2024-02-01 19:24:57.155016+00:00,True,255247,inhibitory_neuron,MC
120666,2020-09-28 22:43:58.188274+00:00,True,195.0276,111744,187408,23120,,,,,,,80166974403003939,864691135716252954,201,2024-02-01 19:24:57.155522+00:00,True,120666,excitatory_neuron,5P-NP
120466,2020-09-28 22:42:41.354946+00:00,True,331.37885,105264,191200,21859,,,,,,,79252730283476402,864691135947817057,202,2024-02-01 19:24:57.156003+00:00,True,120466,excitatory_neuron,5P-IT
325945,2020-09-28 22:41:59.798624+00:00,True,167.83769,210144,118368,19470,,,,,,,93668495685877389,864691135777900384,203,2024-02-01 19:24:57.156493+00:00,True,325945,inhibitory_neuron,BPC
231150,2020-09-28 22:41:54.338438+00:00,True,250.13731,156112,189744,27039,,,,,,,86219030469766764,864691135687888608,204,2024-02-01 19:24:57.156973+00:00,True,231150,inhibitory_neuron,BC
191939,2020-09-28 22:41:16.874197+00:00,True,261.92575,142912,159104,17818,,,,,,,84455687488793168,864691135916017254,205,2024-02-01 19:24:57.157454+00:00,True,191939,inhibitory_neuron,BPC
190679,2020-09-28 22:40:58.576480+00:00,True,268.53998,147232,138464,21757,,,,,,,85015889199839647,864691136420470423,206,2024-02-01 19:24:57.157932+00:00,True,190679,inhibitory_neuron,BPC
452181,2020-09-28 22:40:58.802835+00:00,True,206.22934,265040,110864,16615,,,,,,,101196988837850606,864691136423356719,207,2024-02-01 19:24:57.158436+00:00,True,452181,inhibitory_neuron,BPC
124014,2020-09-28 22:41:17.036177+00:00,True,237.54506,102688,195008,22404,,,,,,,78901367666040935,864691135386626133,208,2024-02-01 19:24:57.158911+00:00,True,124014,inhibitory_neuron,BC
357656,2020-09-28 22:41:10.851579+00:00,True,195.6302,226656,110816,18030,,,,,,,95919333225698526,864691135860258408,209,2024-02-01 19:24:57.159396+00:00,True,357656,inhibitory_neuron,BPC
71096,2020-09-28 22:44:17.506532+00:00,True,238.17224,83904,152144,21449,,,,,,,76291951561294957,864691136334971059,210,2024-02-01 19:24:57.159880+00:00,True,71096,excitatory_neuron,4P
107220,2020-09-28 22:44:42.055571+00:00,True,274.97348,107840,112848,23778,,,,,,,79594060192718734,864691135388961665,211,2024-02-01 19:24:57.160368+00:00,True,107220,inhibitory_neuron,MC
667452,2020-09-28 22:44:11.681279+00:00,True,226.79732,364352,195408,15741,,,,,,,114859863787908211,864691136389570423,212,2024-02-01 19:24:57.160857+00:00,True,667452,inhibitory_neuron,MC
556440,2020-09-28 22:44:07.276498+00:00,True,219.25806,316752,145408,19774,,,,,,,108308836607481570,864691135732049337,213,2024-02-01 19:24:57.161354+00:00,True,556440,inhibitory_neuron,BPC
120302,2020-09-28 22:41:06.341782+00:00,True,215.61623,109888,192832,20285,,,,,,,79886254938153601,864691135354885071,214,2024-02-01 19:24:57.161949+00:00,True,120302,inhibitory_neuron,BPC
551915,2020-09-28 22:40:59.181132+00:00,True,272.9735,327088,99376,21049,,,,,,,109710026939149203,864691135857976366,215,2024-02-01 19:24:57.162439+00:00,True,551915,inhibitory_neuron,BPC
190670,2020-09-28 22:42:15.108246+00:00,True,224.31367,145872,130896,21624,,,,,,,84803752175010619,864691135686296759,216,2024-02-01 19:24:57.162921+00:00,True,190670,inhibitory_neuron,BPC
757691,2020-09-28 22:41:38.901391+00:00,True,317.60318,394864,162304,26435,,,,,,,119077523081751556,864691135992839105,217,2024-02-01 19:24:57.163408+00:00,True,757691,excitatory_neuron,5P-NP
454698,2020-09-28 22:44:30.985146+00:00,True,259.22437,271984,116720,25785,,,,,,,102182908378508750,864691136907812974,218,2024-02-01 19:24:57.163887+00:00,True,454698,inhibitory_neuron,BPC
256757,2020-09-28 22:43:58.281359+00:00,True,195.82698,175536,119296,23004,,,,,,,88883558923997340,864691135566824983,219,2024-02-01 19:24:57.164379+00:00,True,256757,inhibitory_neuron,BPC
335134,2020-09-28 22:42:45.361772+00:00,True,234.36902,211456,176992,18896,,,,,,,93817135780402520,864691136137513341,220,2024-02-01 19:24:57.164860+00:00,True,335134,inhibitory_neuron,BPC
226380,2020-09-28 22:42:46.646545+00:00,True,245.074,150096,159296,23132,,,,,,,85440850645119649,864691136992294549,221,2024-02-01 19:24:57.165358+00:00,True,226380,inhibitory_neuron,BPC
711840,2020-09-28 22:44:47.475575+00:00,True,282.8329,390656,202576,23589,,,,,,,118449632886994504,864691135359368536,222,2024-02-01 19:24:57.165841+00:00,True,711840,inhibitory_neuron,BC
533418,2020-09-28 22:44:18.909405+00:00,True,239.71971,301104,210160,26565,,,,,,,106206502528280827,864691135772861771,223,2024-02-01 19:24:57.166333+00:00,True,533418,inhibitory_neuron,MC
38954,2020-09-28 22:43:27.489515+00:00,True,277.04083,80592,200144,20633,,,,,,,75876198659620154,864691135927077902,224,2024-02-01 19:24:57.166815+00:00,True,38954,inhibitory_neuron,MC
564024,2020-09-28 22:41:02.835753+00:00,True,223.04735,325152,212912,18542,,,,,,,109443807350789556,864691135123502375,225,2024-02-01 19:24:57.167300+00:00,True,564024,inhibitory_neuron,MC
291083,2020-09-28 22:43:53.830999+00:00,True,172.65787,187952,98400,19700,,,,,,,90639959626892865,864691135839999379,226,2024-02-01 19:24:57.167801+00:00,True,291083,inhibitory_neuron,NGC
167062,2020-09-28 22:41:38.655097+00:00,True,248.57526,129168,217792,20173,,,,,,,82563565751690508,864691135346313887,227,2024-02-01 19:24:57.168301+00:00,True,167062,inhibitory_neuron,MC
196073,2020-09-28 22:42:09.263778+00:00,True,221.1699,134688,181696,16312,,,,,,,83262442293481150,864691135163551021,228,2024-02-01 19:24:57.168787+00:00,True,196073,inhibitory_neuron,MC
126710,2020-09-28 22:42:00.037754+00:00,True,224.7734,100736,223952,19743,,,,,,,78623809363834827,864691134965710623,229,2024-02-01 19:24:57.169274+00:00,True,126710,inhibitory_neuron,BC
370599,2020-09-28 22:42:05.338724+00:00,True,343.359,219936,198592,26270,,,,,,,95016291655712496,864691135920492976,230,2024-02-01 19:24:57.169773+00:00,True,370599,inhibitory_neuron,MC
618831,2020-09-28 22:45:21.505217+00:00,True,394.34305,346192,176832,27382,,,,,,,112394416664418265,864691135492636511,231,2024-02-01 19:24:57.170387+00:00,True,618831,inhibitory_neuron,MC
420360,2020-09-28 22:40:44.596957+00:00,True,202.36223,246416,109456,18936,,,,,,,98663508157778940,864691135800991586,232,2024-02-01 19:24:57.170877+00:00,True,420360,inhibitory_neuron,BC
465707,2020-09-28 22:42:41.204949+00:00,True,369.97595,263904,219632,17837,,,,,,,0,0,233,2024-02-01 19:24:57.171370+00:00,True,465707,inhibitory_neuron,MC
82155,2020-09-28 22:41:08.789205+00:00,True,259.1267,97824,219120,21026,,,,,,,78200909905062538,864691136595846050,234,2024-02-01 19:24:57.171851+00:00,True,82155,inhibitory_neuron,MC
687144,2020-09-28 22:44:26.838501+00:00,True,252.73712,384208,92112,23155,,,,,,,117590364482891510,864691135195648298,235,2024-02-01 19:24:57.172337+00:00,True,687144,inhibitory_neuron,BC
110650,2020-09-28 22:45:21.105549+00:00,True,384.7979,106928,128448,25097,,,,,,,79455384489717633,864691136144684340,236,2024-02-01 19:24:57.172825+00:00,True,110650,inhibitory_neuron,BC
300305,2020-09-28 22:44:13.859297+00:00,True,231.6596,189168,190432,16572,,,,,,,90793066218399257,864691135163562285,237,2024-02-01 19:24:57.173311+00:00,True,300305,inhibitory_neuron,MC
615983,2020-09-28 22:41:24.510306+00:00,True,321.5193,358624,172784,17878,,,,,,,114082784213522483,864691135572537893,238,2024-02-01 19:24:57.173809+00:00,True,615983,inhibitory_neuron,MC
648198,2020-09-28 22:41:00.616609+00:00,True,342.70807,367216,121200,23187,,,,,,,115272112935228280,864691136974841884,239,2024-02-01 19:24:57.174304+00:00,True,648198,inhibitory_neuron,BC
163965,2020-09-28 22:44:55.631947+00:00,True,297.80032,121552,201872,16055,,,,,,,81505903748311934,864691136021609464,240,2024-02-01 19:24:57.174794+00:00,True,163965,inhibitory_neuron,MC
664661,2020-09-28 22:44:51.959661+00:00,True,291.65305,363888,178480,19072,,,,,,,114787227770466858,864691136101136757,241,2024-02-01 19:24:57.175281+00:00,True,664661,inhibitory_neuron,MC
237180,2020-09-28 22:45:17.368172+00:00,True,358.361,150928,225552,26740,,,,,,,85520153391050617,864691135865840510,242,2024-02-01 19:24:57.175762+00:00,True,237180,inhibitory_neuron,MC
470985,2020-09-28 22:45:17.905601+00:00,True,364.86496,267824,247504,25245,,,,,,,101637550543982599,864691136237742607,243,2024-02-01 19:24:57.176255+00:00,True,470985,inhibitory_neuron,MC
420681,2020-09-28 22:40:42.195870+00:00,True,375.48163,260960,104256,21765,,,,,,,100633146202351882,864691136145537844,244,2024-02-01 19:24:57.176739+00:00,True,420681,inhibitory_neuron,BC
327357,2020-09-28 22:41:24.010899+00:00,True,298.507,197456,142656,16280,,,,,,,91912575147015250,864691136437660318,245,2024-02-01 19:24:57.177215+00:00,True,327357,inhibitory_neuron,MC
227107,2020-09-28 22:42:05.370792+00:00,True,284.50964,156304,165904,15527,,,,,,,86286167921905742,864691136740407388,246,2024-02-01 19:24:57.177716+00:00,True,227107,inhibitory_neuron,BPC
616462,2020-09-28 22:41:10.974638+00:00,True,383.42395,360464,166400,21548,,,,,,,114292997629225857,864691135440715336,247,2024-02-01 19:24:57.178205+00:00,True,616462,excitatory_neuron,5P-IT
81915,2020-09-28 22:44:36.257675+00:00,True,266.43152,86352,212336,19775,,,,,,,76651903978899090,864691135271592101,248,2024-02-01 19:24:57.178841+00:00,True,81915,excitatory_neuron,5P-IT
673104,2020-09-28 22:42:33.284341+00:00,True,305.8706,364688,221792,24855,,,,,,,114933738433230601,864691136002788771,249,2024-02-01 19:24:57.179328+00:00,True,673104,inhibitory_neuron,BPC
268402,2020-09-28 22:44:39.946877+00:00,True,271.43094,164944,210176,16493,,,,,,,87488415301565144,864691136722374766,250,2024-02-01 19:24:57.179813+00:00,True,268402,inhibitory_neuron,BPC
304646,2020-09-28 22:41:26.402966+00:00,True,309.818,194208,219440,19342,,,,,,,91500671006101622,864691135106492237,251,2024-02-01 19:24:57.180291+00:00,True,304646,inhibitory_neuron,MC
266837,2020-09-28 22:45:11.821383+00:00,True,336.50064,168848,200256,19890,,,,,,,87979622524240041,864691135995027370,252,2024-02-01 19:24:57.180776+00:00,True,266837,inhibitory_neuron,BPC
225711,2020-09-28 22:40:55.287903+00:00,True,244.27971,154608,159904,18029,,,,,,,86003868646966509,864691136195735116,253,2024-02-01 19:24:57.181262+00:00,True,225711,inhibitory_neuron,BPC
622576,2020-09-28 22:44:53.408903+00:00,True,293.2944,350512,209664,26536,,,,,,,112961833249790293,864691135517818506,254,2024-02-01 19:24:57.181742+00:00,True,622576,inhibitory_neuron,BPC
230380,2020-09-28 22:45:00.953525+00:00,True,307.58945,160016,183488,20470,,,,,,,86781086197759539,864691135448749140,255,2024-02-01 19:24:57.182215+00:00,True,230380,excitatory_neuron,5P-IT
432896,2020-09-28 22:45:24.765977+00:00,True,438.97913,256928,197040,24979,,,,,,,100082634877015649,864691135719250481,256,2024-02-01 19:24:57.182721+00:00,True,432896,excitatory_neuron,5P-IT
41431,2020-09-28 22:45:03.288150+00:00,True,313.88812,72048,213552,20437,,,,,,,0,0,257,2024-02-01 19:24:57.183208+00:00,True,41431,inhibitory_neuron,MC
764304,2020-09-28 22:45:19.158216+00:00,True,368.64148,399664,219344,24499,,,,,,,119718538092491436,864691135304583079,258,2024-02-01 19:24:57.183707+00:00,True,764304,inhibitory_neuron,BC
613550,2020-09-28 22:42:39.654023+00:00,True,261.18063,357632,149728,15550,,,,,,,113938954079969200,864691135455276138,259,2024-02-01 19:24:57.184180+00:00,True,613550,inhibitory_neuron,MC
197178,2020-09-28 22:45:21.011791+00:00,True,383.14328,133584,190272,21330,,,,,,,83122873707177400,864691137021494382,260,2024-02-01 19:24:57.184682+00:00,True,197178,excitatory_neuron,5P-IT
167391,2020-09-28 22:44:55.486165+00:00,True,297.27917,122240,212576,23071,,,,,,,81577716540831113,864691136039356926,261,2024-02-01 19:24:57.185163+00:00,True,167391,excitatory_neuron,6P-CT
669934,2020-09-28 22:45:15.747696+00:00,True,351.2636,373536,199488,25261,,,,,,,116127052213756542,864691135304584359,262,2024-02-01 19:24:57.185663+00:00,True,669934,inhibitory_neuron,BPC
580331,2020-09-28 22:45:13.853297+00:00,True,345.0123,331568,86992,25307,,,,,,,110341696906352961,864691136487851794,263,2024-02-01 19:24:57.186146+00:00,True,580331,inhibitory_neuron,MC
613529,2020-09-28 22:41:16.686883+00:00,True,251.06154,352832,158800,15700,,,,,,,113306803613664476,864691136389886224,264,2024-02-01 19:24:57.186650+00:00,True,613529,excitatory_neuron,5P-IT
401334,2020-09-28 22:43:26.354170+00:00,True,364.3659,238672,199184,20232,,,,,,,97620003104556211,864691136881986670,265,2024-02-01 19:24:57.187270+00:00,True,401334,inhibitory_neuron,BPC
167112,2020-09-28 22:45:17.131957+00:00,True,355.61652,123360,215872,20397,,,,,,,81718934663307760,864691136273730238,266,2024-02-01 19:24:57.187757+00:00,True,167112,excitatory_neuron,6P-IT
364974,2020-09-28 22:42:09.752357+00:00,True,222.24191,221904,174896,17535,,,,,,,95294604395607956,864691135778126269,267,2024-02-01 19:24:57.188240+00:00,True,364974,excitatory_neuron,5P-IT
707528,2020-09-28 22:45:02.870661+00:00,True,311.71887,377424,179680,26682,,,,,,,116687322308797602,864691136202911678,268,2024-02-01 19:24:57.188730+00:00,True,707528,inhibitory_neuron,BPC
364314,2020-09-28 22:45:09.719655+00:00,True,328.9953,225264,145968,27239,,,,,,,95712901125519181,864691136109298360,269,2024-02-01 19:24:57.189205+00:00,True,364314,inhibitory_neuron,BPC
165061,2020-09-28 22:42:07.686566+00:00,True,390.78952,119664,204736,23361,,,,,,,81224842028141918,864691136106331609,270,2024-02-01 19:24:57.189699+00:00,True,165061,excitatory_neuron,5P-IT
563033,2020-09-28 22:41:26.466522+00:00,True,401.54907,325568,198736,23532,,,,,,,109512252554062156,864691135590906891,271,2024-02-01 19:24:57.190166+00:00,True,563033,excitatory_neuron,5P-ET
419661,2020-09-28 22:44:49.727877+00:00,True,287.23053,249824,82864,23832,,,,,,,99082147880830846,864691136390383743,272,2024-02-01 19:24:57.190659+00:00,True,419661,inhibitory_neuron,MC
82137,2020-09-28 22:45:15.653976+00:00,True,350.3225,94560,210976,20668,,,,,,,77777597861462570,864691135661341936,273,2024-02-01 19:24:57.191128+00:00,True,82137,excitatory_neuron,5P-IT
235121,2020-09-28 22:45:19.395688+00:00,True,371.94843,147872,211296,25853,,,,,,,85096016646618095,864691137055882358,274,2024-02-01 19:24:57.191622+00:00,True,235121,excitatory_neuron,5P-ET
36458,2020-09-28 22:44:19.729210+00:00,True,242.35573,70112,189280,20371,,,,,,,0,0,275,2024-02-01 19:24:57.192094+00:00,True,36458,excitatory_neuron,5P-IT
666339,2020-09-28 22:44:52.061186+00:00,True,292.0222,361200,185680,24244,,,,,,,114436346793423939,864691135926123534,276,2024-02-01 19:24:57.192581+00:00,True,666339,inhibitory_neuron,BPC
434772,2020-09-28 22:45:23.043291+00:00,True,408.57715,254624,222576,25143,,,,,,,99804595940856214,864691135942116212,277,2024-02-01 19:24:57.193049+00:00,True,434772,excitatory_neuron,6P-IT
28178,2020-09-28 22:42:49.245674+00:00,True,264.4189,81040,144400,16812,,,,,,,75939076444229887,864691136195442764,278,2024-02-01 19:24:57.193537+00:00,True,28178,inhibitory_neuron,MC
619968,2020-09-28 22:42:37.404145+00:00,True,240.27824,357664,208336,22080,,,,,,,113946788972555283,864691136144679732,279,2024-02-01 19:24:57.194002+00:00,True,619968,inhibitory_neuron,BC
81928,2020-09-28 22:45:03.086818+00:00,True,312.8479,88752,209744,19580,,,,,,,77003404102236021,864691136687853934,280,2024-02-01 19:24:57.194505+00:00,True,81928,excitatory_neuron,5P-ET
79586,2020-09-28 22:44:23.005800+00:00,True,246.72517,90432,203760,19823,,,,,,,77213685701309224,864691135876957523,281,2024-02-01 19:24:57.194988+00:00,True,79586,excitatory_neuron,5P-IT
304617,2020-09-28 22:43:51.318176+00:00,True,347.56985,188752,224368,18806,,,,,,,90727233228267355,864691135492633183,282,2024-02-01 19:24:57.195786+00:00,True,304617,inhibitory_neuron,MC
429596,2020-09-28 22:41:20.150429+00:00,True,300.37573,261936,186496,15328,,,,,,,100784877934801458,864691136618493069,283,2024-02-01 19:24:57.196282+00:00,True,429596,excitatory_neuron,5P-IT
126706,2020-09-28 22:44:26.904802+00:00,True,252.93684,99024,220480,19915,,,,,,,78412222095170910,864691136741783132,284,2024-02-01 19:24:57.196765+00:00,True,126706,excitatory_neuron,6P-IT
230776,2020-09-28 22:44:47.873452+00:00,True,284.11264,156992,188528,23684,,,,,,,86359561396747946,864691135781970512,285,2024-02-01 19:24:57.197243+00:00,True,230776,inhibitory_neuron,BPC
287143,2020-09-28 22:42:01.816699+00:00,True,264.04062,185280,90800,23194,,,,,,,90216716839373234,864691135281108897,286,2024-02-01 19:24:57.197729+00:00,True,287143,inhibitory_neuron,MC
221689,2020-09-28 22:42:15.335664+00:00,True,334.3224,158912,102768,25499,,,,,,,86629560422433270,864691135975765571,287,2024-02-01 19:24:57.198200+00:00,True,221689,inhibitory_neuron,BPC
551124,2020-09-28 22:45:17.668965+00:00,True,362.00662,321328,84560,26098,,,,,,,108933978492888025,864691135346997919,288,2024-02-01 19:24:57.198715+00:00,True,551124,inhibitory_neuron,MC
187662,2020-09-28 22:43:22.138966+00:00,True,316.24707,145968,103056,23538,,,,,,,84870341549691099,864691137198283073,289,2024-02-01 19:24:57.199184+00:00,True,187662,inhibitory_neuron,BC
104867,2020-09-28 22:41:02.888468+00:00,True,303.4538,113664,102576,21077,,,,,,,80366672933944367,864691136144680244,290,2024-02-01 19:24:57.199676+00:00,True,104867,inhibitory_neuron,MC
551996,2020-09-28 22:42:17.070498+00:00,True,281.9095,318720,105488,22560,,,,,,,108584951867297077,864691135645751791,291,2024-02-01 19:24:57.200142+00:00,True,551996,inhibitory_neuron,BC
745348,2020-09-28 22:44:53.520802+00:00,True,293.7253,393680,116112,24402,,,,,,,118860231827933306,864691136237894460,292,2024-02-01 19:24:57.200631+00:00,True,745348,excitatory_neuron,23P
485019,2020-09-28 22:41:04.960552+00:00,True,355.50037,293552,91840,27291,,,,,,,105135028580871008,864691136924080356,293,2024-02-01 19:24:57.201099+00:00,True,485019,inhibitory_neuron,MC
73430,2020-09-28 22:42:07.023880+00:00,True,295.39386,92240,174720,16013,,,,,,,77491243197883643,864691134965717535,294,2024-02-01 19:24:57.201584+00:00,True,73430,excitatory_neuron,4P
73852,2020-09-28 22:44:25.088036+00:00,True,250.3698,85008,167504,18965,,,,,,,76434750365019581,864691136953101279,295,2024-02-01 19:24:57.202051+00:00,True,73852,excitatory_neuron,4P
517045,2020-09-28 22:45:17.555173+00:00,True,360.60562,299760,99744,21382,,,,,,,105980552217597165,864691135927408398,296,2024-02-01 19:24:57.202539+00:00,True,517045,inhibitory_neuron,BC
749256,2020-09-28 22:41:26.022070+00:00,True,314.6916,394448,130944,23950,,,,,,,119002962114136437,864691135307458886,297,2024-02-01 19:24:57.203006+00:00,True,749256,excitatory_neuron,23P
221608,2020-09-28 22:44:58.954573+00:00,True,303.12415,161520,100080,23656,,,,,,,86981060344327522,864691135447777682,298,2024-02-01 19:24:57.203491+00:00,True,221608,inhibitory_neuron,BC
516033,2020-09-28 22:45:11.622776+00:00,True,335.07623,305840,85792,21385,,,,,,,106823121721833476,864691134918596362,299,2024-02-01 19:24:57.203975+00:00,True,516033,inhibitory_neuron,MC
608132,2020-09-28 22:41:51.758882+00:00,True,253.03122,358352,96800,18357,,,,,,,114002176334381895,864691135889893769,300,2024-02-01 19:24:57.204578+00:00,True,608132,inhibitory_neuron,MC
293429,2020-09-28 22:42:07.659710+00:00,True,308.2422,192144,111888,27052,,,,,,,91204765945954831,864691134940425059,301,2024-02-01 19:24:57.205060+00:00,True,293429,inhibitory_neuron,MC
580709,2020-09-28 22:43:00.753842+00:00,True,263.98212,327904,96112,17157,,,,,,,109850351574038253,864691135468682636,302,2024-02-01 19:24:57.205574+00:00,True,580709,inhibitory_neuron,MC
187800,2020-09-28 22:45:11.470804+00:00,True,333.94788,145296,96208,26118,,,,,,,84728711110211147,864691135489479738,303,2024-02-01 19:24:57.206049+00:00,True,187800,inhibitory_neuron,BC
357424,2020-09-28 22:44:55.571820+00:00,True,297.55194,216416,100128,18377,,,,,,,94510515233552270,864691136090103863,304,2024-02-01 19:24:57.206538+00:00,True,357424,inhibitory_neuron,MC
187352,2020-09-28 22:41:10.315821+00:00,True,297.66827,144016,108528,20084,,,,,,,84589622084180965,864691135849450334,305,2024-02-01 19:24:57.207009+00:00,True,187352,inhibitory_neuron,MC
551688,2020-09-28 22:44:11.741492+00:00,True,227.02359,316768,100640,18513,,,,,,,108302857878519592,864691135101096480,306,2024-02-01 19:24:57.207505+00:00,True,551688,inhibitory_neuron,MC
220851,2020-09-28 22:41:24.677006+00:00,True,222.30565,155536,95344,17820,,,,,,,86135947414427047,864691136106837721,307,2024-02-01 19:24:57.207983+00:00,True,220851,inhibitory_neuron,MC
324031,2020-09-28 22:44:09.781291+00:00,True,223.32866,203408,100720,18124,,,,,,,92751365348288064,864691135885146992,308,2024-02-01 19:24:57.208469+00:00,True,324031,inhibitory_neuron,MC
188927,2020-09-28 22:41:08.932448+00:00,True,353.2592,137072,114656,22375,,,,,,,83605284568119080,864691136238694460,309,2024-02-01 19:24:57.208946+00:00,True,188927,inhibitory_neuron,BPC
103918,2020-09-28 22:43:15.936278+00:00,True,248.06506,97968,109616,16139,,,,,,,78256572010460990,864691135697301914,310,2024-02-01 19:24:57.209430+00:00,True,103918,inhibitory_neuron,BC
581243,2020-09-28 22:41:25.809988+00:00,True,274.23718,336352,95648,23966,,,,,,,110976183633949465,864691135947821153,311,2024-02-01 19:24:57.209907+00:00,True,581243,inhibitory_neuron,MC
323634,2020-09-28 22:43:08.786876+00:00,True,281.46222,205248,93616,27458,,,,,,,92961510716198799,864691135772799739,312,2024-02-01 19:24:57.210392+00:00,True,323634,inhibitory_neuron,MC
254540,2020-09-28 22:42:33.237689+00:00,True,259.73276,179520,94448,16178,,,,,,,89443209469888408,864691136227245905,313,2024-02-01 19:24:57.210869+00:00,True,254540,excitatory_neuron,23P
325012,2020-09-28 22:44:21.469706+00:00,True,245.12709,197424,103648,26631,,,,,,,91907353875608937,864691135014275222,314,2024-02-01 19:24:57.211353+00:00,True,325012,inhibitory_neuron,BC
186257,2020-09-28 22:40:52.937536+00:00,True,301.13693,132128,92544,25554,,,,,,,82898642591545989,864691136724883709,315,2024-02-01 19:24:57.211828+00:00,True,186257,inhibitory_neuron,MC
109715,2020-09-28 22:42:35.013857+00:00,True,250.50972,113040,137408,19803,,,,,,,80300976913176319,864691136845322212,316,2024-02-01 19:24:57.212309+00:00,True,109715,inhibitory_neuron,BPC
356877,2020-09-28 22:45:11.865536+00:00,True,336.78656,219728,89008,22811,,,,,,,95001585218071723,864691136578531092,317,2024-02-01 19:24:57.212896+00:00,True,356877,inhibitory_neuron,BC
744775,2020-09-28 22:42:05.290417+00:00,True,307.60648,394512,124240,23983,,,,,,,119002068760888324,864691135374922569,318,2024-02-01 19:24:57.213384+00:00,True,744775,excitatory_neuron,4P
485905,2020-09-28 22:41:12.670598+00:00,True,294.9718,294704,102320,23753,,,,,,,105277208708552685,864691135737936497,319,2024-02-01 19:24:57.213863+00:00,True,485905,inhibitory_neuron,BC
689812,2020-09-28 22:42:33.038109+00:00,True,253.92644,389440,100656,23999,,,,,,,0,0,320,2024-02-01 19:24:57.214345+00:00,True,689812,excitatory_neuron,23P
189059,2020-09-28 22:44:13.439315+00:00,True,229.83934,140320,111120,22867,,,,,,,84027016063894427,864691135490101818,321,2024-02-01 19:24:57.214815+00:00,True,189059,inhibitory_neuron,BC
152547,2020-09-28 22:43:10.722690+00:00,True,252.28526,115824,109520,27369,,,,,,,80719479532975636,864691136283945623,322,2024-02-01 19:24:57.215289+00:00,True,152547,inhibitory_neuron,BPC
611332,2020-09-28 22:41:30.489511+00:00,True,357.3983,352704,115184,26250,,,,,,,113230595123007062,864691135749853225,323,2024-02-01 19:24:57.215762+00:00,True,611332,inhibitory_neuron,MC
153797,2020-09-28 22:44:47.437861+00:00,True,282.71722,126464,112400,23608,,,,,,,82127266263467159,864691135564558359,324,2024-02-01 19:24:57.216238+00:00,True,153797,inhibitory_neuron,MC
389488,2020-09-28 22:44:15.158567+00:00,True,233.14154,231616,102160,22084,,,,,,,96621852973165123,864691135571528326,325,2024-02-01 19:24:57.216712+00:00,True,389488,inhibitory_neuron,BPC
431259,2020-09-28 22:45:21.347470+00:00,True,390.54425,255280,180832,26723,,,,,,,99869329889324662,864691135489196602,326,2024-02-01 19:24:57.217174+00:00,True,431259,excitatory_neuron,5P-IT
452536,2020-09-28 22:44:53.204841+00:00,True,292.55893,274944,105328,20409,,,,,,,102533239532989658,864691135772709451,327,2024-02-01 19:24:57.217652+00:00,True,452536,excitatory_neuron,23P
482580,2020-09-28 22:40:59.064810+00:00,True,242.24007,281232,94256,18636,,,,,,,103446521177200785,864691136009723310,328,2024-02-01 19:24:57.218108+00:00,True,482580,inhibitory_neuron,MC
420562,2020-09-28 22:45:08.158273+00:00,True,325.30923,248336,95376,20558,,,,,,,98872690512867343,864691135658694530,329,2024-02-01 19:24:57.218605+00:00,True,420562,inhibitory_neuron,BC
187719,2020-09-28 22:45:07.803681+00:00,True,323.30447,132144,102016,25217,,,,,,,82970248285963364,864691135156313956,330,2024-02-01 19:24:57.219068+00:00,True,187719,inhibitory_neuron,BPC
614575,2020-09-28 22:45:07.461224+00:00,True,321.3774,355232,151376,21568,,,,,,,0,0,331,2024-02-01 19:24:57.219564+00:00,True,614575,excitatory_neuron,4P
63741,2020-09-28 22:44:38.497628+00:00,True,269.95178,90272,112496,16716,,,,,,,77201453231753701,864691137020883310,332,2024-02-01 19:24:57.220042+00:00,True,63741,inhibitory_neuron,BC
287123,2020-09-28 22:42:17.268489+00:00,True,377.06876,181072,93952,22899,,,,,,,89654247855437923,864691137056230006,333,2024-02-01 19:24:57.220528+00:00,True,287123,inhibitory_neuron,MC
644791,2020-09-28 22:40:52.799179+00:00,True,280.58615,365296,126240,17248,,,,,,,114991324348211670,864691135464624797,334,2024-02-01 19:24:57.220992+00:00,True,644791,excitatory_neuron,23P
485820,2020-09-28 22:44:45.489958+00:00,True,279.50858,291568,104896,22883,,,,,,,104855339706808236,864691135569040364,335,2024-02-01 19:24:57.221593+00:00,True,485820,inhibitory_neuron,MC
323392,2020-09-28 22:40:46.211552+00:00,True,287.8839,203312,92944,25466,,,,,,,92750335495834694,864691135448809556,336,2024-02-01 19:24:57.222069+00:00,True,323392,inhibitory_neuron,MC
581185,2020-09-28 22:45:19.460330+00:00,True,372.87888,335728,102768,22696,,,,,,,110906776827935691,864691135779449533,337,2024-02-01 19:24:57.222564+00:00,True,581185,inhibitory_neuron,BC
484860,2020-09-28 22:42:05.649561+00:00,True,259.25632,286320,90864,24742,,,,,,,104149797107379626,864691136329769706,338,2024-02-01 19:24:57.223028+00:00,True,484860,inhibitory_neuron,MC
449843,2020-09-28 22:41:52.368294+00:00,True,265.3022,270752,86992,15521,,,,,,,101967815074086205,864691135586059900,339,2024-02-01 19:24:57.223514+00:00,True,449843,inhibitory_neuron,MC
551408,2020-09-28 22:44:06.982370+00:00,True,218.42952,324000,94704,16699,,,,,,,109287195395092453,864691136052142323,340,2024-02-01 19:24:57.223972+00:00,True,551408,inhibitory_neuron,MC
518139,2020-09-28 22:43:20.260831+00:00,True,239.33994,310240,121696,18499,,,,,,,107390881702734440,864691135966260682,341,2024-02-01 19:24:57.224451+00:00,True,518139,inhibitory_neuron,NGC
607402,2020-09-28 22:44:40.475549+00:00,True,273.09915,356400,78128,24425,,,,,,,113788597005887425,864691136305547612,342,2024-02-01 19:24:57.224927+00:00,True,607402,inhibitory_neuron,MC
516614,2020-09-28 22:44:53.462666+00:00,True,293.48822,296512,95760,17735,,,,,,,105557789526869033,864691135847931998,343,2024-02-01 19:24:57.225407+00:00,True,516614,excitatory_neuron,23P
20558,2020-09-28 22:44:41.967118+00:00,True,274.70087,73312,104240,21334,,,,,,,74878185766282790,864691135293134774,344,2024-02-01 19:24:57.225888+00:00,True,20558,inhibitory_neuron,BC
608056,2020-09-28 22:44:34.638450+00:00,True,264.40845,348368,101776,17409,,,,,,,112665857255634095,864691136085267052,345,2024-02-01 19:24:57.226365+00:00,True,608056,inhibitory_neuron,MC
108931,2020-09-28 22:41:09.003744+00:00,True,276.4541,114480,113392,27430,,,,,,,80508923056359339,864691135492343911,346,2024-02-01 19:24:57.226834+00:00,True,108931,excitatory_neuron,23P
516174,2020-09-28 22:40:55.091086+00:00,True,291.48413,305728,83136,24159,,,,,,,106822709807298091,864691135618947215,347,2024-02-01 19:24:57.227305+00:00,True,516174,inhibitory_neuron,MC
